condition,run_id,VB,VB_smooth,q_true,rate_norm,stage,stage_id,fine_state_true
C1,1,48.89261732,49.962487915,0.0,0.1690209935655249,early,0,0
C1,2,49.57081504,50.420056176,0.003747849000265095,0.23506011120435402,early,0,0
C1,3,50.30286727,51.397174416666665,0.011751226711428704,0.3340522427368041,early,0,0
C1,4,51.08365203,52.62280887285714,0.02179015043678708,0.5042503305922323,early,0,0
C1,5,52.25032922,54.68833324142857,0.038708442415464187,0.6628996623169958,early,0,0
C1,6,56.28276562,57.09612979285714,0.05843021655773405,0.8024442773877913,early,0,0
C1,7,59.97661561,59.79811406714286,0.08056162278547854,0.9356283015278998,early,0,0
C1,8,63.3512879,62.74937342285715,0.10473479074442632,0.9893517393512787,early,0,0
C1,9,66.4253909,65.85916555714286,0.13020646860084742,0.9999999999568503,early,0,0
C1,10,69.21675719,68.68471672714286,0.15334998625772928,0.9721311074806916,early,0,0
C1,11,71.74246752,71.24315448428571,0.17430563202169147,0.910028931289934,early,0,0
C1,12,74.01887416,73.55087684857143,0.19320771875510137,0.8211684965588677,early,0,0
C1,13,76.06162381,75.62357518428571,0.2101847712464187,0.7378617797293429,early,0,0
C1,14,77.88567991,77.47625655428571,0.22535970930962534,0.6598667422251328,early,0,0
C1,15,79.50534445,79.12326554428572,0.2388500265425312,0.5869490627918675,early,0,0
C1,16,80.93427925,80.57830558,0.25076796493117615,0.5188819562373194,early,0,0
C1,17,82.18552678,81.85445973285714,0.2612206852652242,0.4554459949991227,early,0,0
C1,18,83.27153045,82.96421103142858,0.27031043350476347,0.39642893404486623,early,0,0
C1,19,84.20415441,83.91946229142857,0.2781347032038214,0.3416255379937412,early,0,0
C1,20,84.99470288,84.73155546285714,0.284786393978896,0.2908374123783836,early,0,0
C1,21,85.653939,85.41129050142857,0.290353966081007,0.24387283712828353,early,0,0
C1,22,86.19210327,85.96894378714286,0.2949215912584859,0.20054660308261393,early,0,0
C1,23,86.61893145,86.41428608000001,0.2985692998285967,0.16068268716151665,early,0,0
C1,24,86.94367205,86.75660003714286,0.30137312415690737,0.12474026880367269,early,0,0
C1,25,87.17510345,87.0047374057143,0.30340556711240524,0.09311722500702865,early,0,0
C1,26,87.32155046,87.17599416428571,0.304808296554342,0.0661537813741193,early,0,0
C1,27,87.39090058,87.28627546857145,0.3057115883934917,0.04413602128004362,early,0,0
C1,28,87.39090058,87.35016525857142,0.30623489673016535,0.02729642328983847,early,0,0
C1,29,87.39090058,87.38099342,0.30648740395987917,0.01519092674201774,early,0,0
C1,30,87.39090058,87.39090058,0.3065685515019318,0.0073955558646489235,early,0,0
C1,31,87.39090058,87.39090058,0.3065685515019318,0.0028794267568846817,early,0,0
C1,32,87.39090058,87.39090058,0.3065685515019318,0.0007002999016160401,early,0,0
C1,33,87.39090058,87.39090058,0.3065685515019318,0.0,early,0,0
C1,34,87.39090058,87.39090058,0.3065685515019318,0.0,early,0,0
C1,35,87.39090058,87.39090058,0.3065685515019318,0.0,early,0,0
C1,36,87.39090058,87.39090058,0.3065685515019318,0.0,early,0,0
C1,37,87.39090058,87.39090058,0.3065685515019318,0.0,early,0,0
C1,38,87.39090058,87.39090058,0.3065685515019318,0.0,early,0,0
C1,39,87.39090058,87.39090058,0.3065685515019318,0.0,early,0,0
C1,40,87.39090058,87.39090058,0.3065685515019318,4.69442475027746e-05,early,0,0
C1,41,87.39090058,87.39090058,0.3065685515019318,0.0054360590373353935,early,0,0
C1,42,87.39090058,87.39156470142856,0.30657399118611506,0.015927789202889592,early,0,0
C1,43,87.39090058,87.46780464142856,0.3071984571013968,0.03128483113629538,early,0,0
C1,44,87.39090058,87.61623140714286,0.3084141906933186,0.051272499246101604,early,0,0
C1,45,87.39554943,87.83348785857143,0.3101936943077262,0.07561212494195932,early,0,0
C1,46,87.92458016,88.11625389285715,0.3125097736542056,0.09878003924543433,early,0,0
C1,47,88.42988794,88.4612513,0.3153355775782553,0.1207439911550418,early,0,0
C1,48,88.91169574,88.8652482957143,0.31864463518900144,0.13622505482514527,early,0,0
C1,49,89.37026282,89.32439963142858,0.3224054508337892,0.14548058391495655,early,0,0
C1,50,89.80588243,89.76066707285713,0.3259788291328714,0.14876707344781115,early,0,0
C1,51,90.21887955,90.17437130571429,0.32936739675801774,0.1463396921712047,early,0,0
C1,52,90.60960878,90.56586276142856,0.33257402402212133,0.13849878521723993,early,0,0
C1,53,90.97845225,90.93551953428572,0.3356018078189391,0.13079079667127688,early,0,0
C1,54,91.32581757,91.28374536571428,0.33845405511278276,0.12322481597608935,early,0,0
C1,55,91.65213593,91.61096770285714,0.34113426703667155,0.11580924489831568,early,0,0
C1,56,91.95786023,91.91763581999999,0.3436461235053329,0.10855182166273805,early,0,0
C1,57,92.24346325,92.20421900857143,0.3459934683898599,0.10145964448072384,early,0,0
C1,58,92.50943591,92.47120483571429,0.34818029525402105,0.0945391943717665,early,0,0
C1,59,92.7562856,92.71909746142858,0.35021073357031934,0.08779635758113737,early,0,0
C1,60,92.98453457,92.94841602,0.3520890354626005,0.08123644799750752,early,0,0
C1,61,93.19471836,93.15969305857142,0.35381956291670835,0.07486422825785119,early,0,0
C1,62,93.38738431,93.3534730442857,0.35540677555279343,0.0686839305493935,early,0,0
C1,63,93.56309014,93.53031092142855,0.3568552188071624,0.06269927761351626,early,0,0
C1,64,93.72240252,93.69077072285714,0.35816951255877133,0.056913502739874555,early,0,1
C1,65,93.86589581,93.83542424857141,0.3593543403056702,0.05132936885167518,early,0,1
C1,66,93.99415074,93.96484978714285,0.36041443869248496,0.045949188095872895,early,0,1
C1,67,94.10775318,94.07963089285714,0.36135458749424065,0.040774840322556245,early,0,1
C1,68,94.20729304,94.18035522000001,0.36217960006823297,0.03580779126143322,early,0,1
C1,69,94.29336308,94.26761339571429,0.36289431412182793,0.031049110496309634,early,0,1
C1,70,94.36655788,94.34199795571429,0.3635035829951145,0.026499488732746778,early,0,1
C1,71,94.42747281,94.40410231999999,0.3640122672711864,0.022159254459801027,early,0,1
C1,72,94.47670304,94.45451981428572,0.36442522676086264,0.01803176820236558,early,0,1
C1,73,94.51484266,94.49384273999999,0.36474731288524476,0.014199148388437053,early,0,1
C1,74,94.54248373,94.52270926571428,0.364983752753917,0.01073744089201104,early,0,1
C1,75,94.5602155,94.54287365857144,0.36514891521393,0.007716699110491349,early,0,1
C1,76,94.56862356,94.55600516142859,0.36525647269562156,0.005201070201909247,early,0,1
C1,77,94.56862356,94.56368814714287,0.36531940247633976,0.00324550888156433,early,0,1
C1,78,94.56862356,94.56742240857143,0.3653499890557742,0.001820163743904215,early,0,1
C1,79,94.56862356,94.56862356,0.36535982744397644,0.0008919471652946641,early,0,1
C1,80,94.56862356,94.56862356,0.36535982744397644,0.00034886578376503043,early,0,1
C1,81,94.56862356,94.56862356,0.36535982744397644,8.490487962796595e-05,early,0,1
C1,82,94.56862356,94.56862356,0.36535982744397644,0.0,early,0,1
C1,83,94.56862356,94.56862356,0.36535982744397644,0.0,early,0,1
C1,84,94.56862356,94.56862356,0.36535982744397644,0.0,early,0,1
C1,85,94.56862356,94.56862356,0.36535982744397644,0.0,early,0,1
C1,86,94.56862356,94.56862356,0.36535982744397644,0.0,early,0,1
C1,87,94.56862356,94.56862356,0.36535982744397644,0.0,early,0,1
C1,88,94.56862356,94.56862356,0.36535982744397644,0.0,early,0,1
C1,89,94.56862356,94.56862356,0.36535982744397644,0.0,early,0,1
C1,90,94.56862356,94.56862356,0.36535982744397644,0.0,early,0,1
C1,91,94.56862356,94.56862356,0.36535982744397644,0.0,early,0,1
C1,92,94.56862356,94.56862356,0.36535982744397644,0.0,early,0,1
C1,93,94.56862356,94.56862356,0.36535982744397644,0.0,early,0,1
C1,94,94.56862356,94.56862356,0.36535982744397644,0.0,early,0,1
C1,95,94.56862356,94.56862356,0.36535982744397644,0.0,early,0,1
C1,96,94.56862356,94.56862356,0.36535982744397644,0.0,early,0,1
C1,97,94.56862356,94.56862356,0.36535982744397644,0.0,early,0,1
C1,98,94.56862356,94.56862356,0.36535982744397644,0.0,early,0,1
C1,99,94.56862356,94.56862356,0.36535982744397644,0.0,early,0,1
C1,100,94.56862356,94.56862356,0.36535982744397644,0.0,early,0,1
C1,101,94.56862356,94.56862356,0.36535982744397644,0.0,early,0,1
C1,102,94.56862356,94.56862356,0.36535982744397644,0.0,early,0,1
C1,103,94.56862356,94.56862356,0.36535982744397644,0.0,early,0,1
C1,104,94.56862356,94.56862356,0.36535982744397644,0.0,early,0,1
C1,105,94.56862356,94.56862356,0.36535982744397644,0.0,early,0,1
C1,106,94.56862356,94.56862356,0.36535982744397644,0.0,early,0,1
C1,107,94.56862356,94.56862356,0.36535982744397644,0.0,early,0,1
C1,108,94.56862356,94.56862356,0.36535982744397644,0.0,early,0,1
C1,109,94.56862356,94.56862356,0.36535982744397644,0.0,early,0,1
C1,110,94.56862356,94.56862356,0.36535982744397644,0.0,early,0,1
C1,111,94.56862356,94.56862356,0.36535982744397644,0.0,early,0,1
C1,112,94.56862356,94.56862356,0.36535982744397644,0.0,early,0,1
C1,113,94.56862356,94.56862356,0.36535982744397644,0.0,early,0,1
C1,114,94.56862356,94.56862356,0.36535982744397644,0.0,early,0,1
C1,115,94.56862356,94.56862356,0.36535982744397644,0.00013129050386442067,early,0,1
C1,116,94.56862356,94.56862356,0.36535982744397644,0.0033737573525473067,early,0,1
C1,117,94.56862356,94.57048093,0.36537504078565886,0.009659583863275442,middle,1,1
C1,118,94.56862356,94.61635218857144,0.3657507629788943,0.018920185599717025,middle,1,1
C1,119,94.56862356,94.70527793142858,0.3664791357373907,0.031086408697374526,middle,1,1
C1,120,94.58162515,94.83628789285716,0.36755221181109343,0.04595743384787034,middle,1,1
C1,121,94.88972237,95.00840375142857,0.3689619779672225,0.060483662015624606,middle,1,1
C1,122,95.19110376,95.22064188142858,0.37070037752666796,0.0745319075986495,middle,1,1
C1,123,95.48569329,95.47201604857142,0.3727593324440388,0.08512134079172383,middle,1,1
C1,124,95.77343457,95.75968266857144,0.37511555149607817,0.09231976363547624,middle,1,1
C1,125,96.05429047,96.04050160285715,0.37741568254060914,0.09619665303052025,middle,1,1
C1,126,96.32824273,96.31445372714286,0.3796595689344793,0.09682293898463744,middle,1,1
C1,127,96.59529149,96.58153830714285,0.38184720466330263,0.0944020766961348,middle,1,2
C1,128,96.85545491,96.84177255714287,0.3839787307258092,0.09198713579406444,middle,1,2
C1,129,97.10876863,97.09519117857143,0.38605443135437517,0.08958429163041261,middle,1,2
C1,130,97.35528535,97.34184588428572,0.38807473011854576,0.08719955182882555,middle,1,2
C1,131,97.59507432,97.58180491285714,0.3900401859466456,0.08483875133655276,middle,1,2
C1,132,97.82822082,97.81515251999998,0.3919514889601747,0.08250754808230859,middle,1,2
C1,133,98.05482567,98.04198846714284,0.3938094562847998,0.08021141853311153,middle,1,2
C1,134,98.27500469,98.26242749857144,0.39561502776773766,0.07795565375608883,middle,1,2
C1,135,98.48888816,98.47659880285713,0.3973692615664245,0.07574535638902766,middle,1,2
C1,136,98.69662026,98.68464547142857,0.39907332971378656,0.07358543730804891,middle,1,2
C1,137,98.89835857,98.88672394714285,0.4007285136015975,0.07148061300210427,middle,1,2
C1,138,99.09427345,99.0830034657143,0.4023361994053349,0.0694354033514252,middle,1,2
C1,139,99.2845475,99.2736654957143,0.40389787349733225,0.06745412910299171,middle,1,2
C1,140,99.469375,99.45890316857142,0.4054151177780255,0.06554091126466845,middle,1,2
C1,141,99.64896132,99.63892070142857,0.4068896049486924,0.0636996696914721,middle,1,2
C1,142,99.82352237,99.81393283714286,0.40832309392460503,0.06193412015714509,middle,1,2
C1,143,99.99328397,99.98416426571428,0.40971742509606957,0.060247777383561796,middle,1,2
C1,144,100.1584813,100.14984902285714,0.41107451540224577,0.0586439499917105,middle,1,2
C1,145,100.3193584,100.31122996285714,0.412396354013427,0.058254105071359044,middle,1,2
C1,146,100.4761675,100.46855811,0.41368499701872263,0.06075205787551797,middle,1,2
C1,147,100.6291683,100.6380551,0.41507331255252106,0.06622908231611453,middle,1,2
C1,148,100.7786279,100.84362512857142,0.41675709504298936,0.07477017173155455,middle,1,2
C1,149,100.9248194,101.0867934857143,0.4187488378317533,0.08645396789755186,middle,1,2
C1,150,101.1797629,101.36900542857144,0.4210603787275062,0.10022432597319265,middle,1,2
C1,151,101.5974715,101.69162452857142,0.42370288646779136,0.11447607179176464,middle,1,2
C1,152,102.0215369,102.05593111428573,0.426686847964761,0.1280514835758651,middle,1,2
C1,153,102.4516511,102.46312094285715,0.4300220574231143,0.13924980290085634,middle,1,2
C1,154,102.887502,102.89834098571428,0.43358685669252306,0.14795217489133455,middle,1,2
C1,155,103.328774,103.33897582857142,0.43719600749261334,0.15404544299273173,middle,1,2
C1,156,103.7751482,103.7847076,0.4408469062028606,0.1574222721673629,middle,1,2
C1,157,104.2263032,104.23521579999999,0.44453692767264336,0.15910963453948718,middle,1,2
C1,158,104.6819154,104.69017771428571,0.44826342861457474,0.16068310622994636,middle,1,2
C1,159,105.1416593,105.14926891428571,0.4520237516999001,0.16214207630765504,middle,1,2
C1,160,105.6052085,105.6121637,0.455815229185851,0.1634860933904727,middle,1,2
C1,161,106.0722354,106.07853555714287,0.4596351866600095,0.1647148696844176,middle,1,2
C1,162,106.5424124,106.5480576,0.46348094666766115,0.1658282708856308,middle,1,2
C1,163,107.0154117,107.02040304285715,0.4673498325731718,0.16682632021959048,middle,1,2
C1,164,107.4909062,107.49524555714287,0.4712391714852714,0.16770919137249224,middle,1,2
C1,165,107.9685697,107.97225977142855,0.47514629835245337,0.16847720849124304,middle,1,2
C1,166,108.4480774,108.45112162857141,0.47906855888825994,0.16913083911483465,middle,1,2
C1,167,108.9291061,108.93150882857142,0.4830033131986341,0.16967069821356887,middle,1,2
C1,168,109.4113349,109.4131012,0.48694793882421666,0.17009753607140557,middle,1,2
C1,169,109.8944454,109.89558111428572,0.49089983413367677,0.1704122423251763,middle,1,2
C1,170,110.3781221,110.37863381428572,0.49485642101497346,0.17061583990577683,middle,1,2
C1,171,110.8620528,110.86194782857142,0.4988151482686864,0.17070948301854671,middle,1,2
C1,172,111.3459291,111.34521532857143,0.5027734945333011,0.17069445108444598,middle,1,2
C1,173,111.8294463,111.82813247142859,0.5067289710934817,0.17057214974987842,middle,1,2
C1,174,112.3123042,112.31039972857143,0.5106791245713326,0.1703441017984385,middle,1,2
C1,175,112.7942074,112.79172222857143,0.5146215397346738,0.17001194917052886,middle,1,2
C1,176,113.2748654,113.27181004285714,0.5185538418372668,0.16957744690453697,middle,1,2
C1,177,113.7539929,113.75037857142857,0.5224736997781234,0.1690424580878247,middle,1,2
C1,178,114.2313103,114.22714880000001,0.52637882820771,0.16840895284691443,middle,1,2
C1,179,114.7065438,114.70184755714286,0.5302669896341531,0.1676790053180816,middle,1,2
C1,180,115.179426,115.17420784285716,0.5341359971145021,0.16685478556893377,middle,1,2
C1,181,115.6496958,115.64396907142857,0.537983716243921,0.1659385606082061,middle,1,2
C1,182,116.1170987,116.11087734285715,0.5418080673789074,0.1649326893367518,middle,1,2
C1,183,116.5813874,116.5746857142857,0.5456070278605066,0.16383961648871032,middle,1,2
C1,184,117.0423215,117.03515438571428,0.5493786335354617,0.1626618736413244,middle,1,2
C1,185,117.4996682,117.49205094285715,0.553120980745406,0.16140207012669414,middle,1,2
C1,186,117.9532024,117.94515061428572,0.5568322284330686,0.1600628920219917,middle,1,2
C1,187,118.4027067,118.39423641428571,0.5605105993123879,0.15864710012983416,middle,1,2
C1,188,118.8479717,118.83909940000001,0.5641543819747178,0.15715752290967527,middle,1,2
C1,189,119.2887964,119.27953882857142,0.5677619321759515,0.15559705344838734,middle,1,2
C1,190,119.724988,119.71536230000001,0.5713316740066369,0.1539686494602668,middle,1,3
C1,191,120.1563624,120.14638597142857,0.574862101647146,0.1522753221791864,middle,1,3
C1,192,120.5827442,120.5724347,0.5783517805377906,0.15052013938801784,middle,1,3
C1,193,121.0039667,120.99334214285714,0.5817993481979004,0.1487062193597995,middle,1,3
C1,194,121.4198724,121.40895095714286,0.5852035158639834,0.1468367258087321,middle,1,3
C1,195,121.8303128,121.81911285714285,0.5885630689577716,0.14491486587055669,middle,1,3
C1,196,122.2351485,122.22368875714287,0.5918768682563342,0.1429438870731581,middle,1,3
C1,197,122.6342497,122.6225488857143,0.5951438508281696,0.1409270692581277,middle,1,3
C1,198,123.0274957,123.01557284285715,0.5983630305012503,0.13886772761018132,middle,1,3
C1,199,123.4147755,123.4026496857143,0.6015334985650915,0.1367692035689173,middle,1,3
C1,200,123.7959876,123.78367802857144,0.6046544245898313,0.13463486482883474,middle,1,3
C1,201,124.1710401,124.15856605714285,0.6077250565432409,0.13246809827068573,middle,1,3
C1,202,124.5398507,124.52723164285715,0.6107447217268177,0.13027231097130126,middle,1,3
C1,203,124.9023469,124.88960229999999,0.6137128264247487,0.12805092111534688,middle,1,3
C1,204,125.2584659,125.24561528571428,0.6166288567229923,0.12580736102473153,middle,1,3
C1,205,125.6081548,125.59521757142859,0.6194923782752548,0.12354506605078133,middle,1,3
C1,206,125.9513701,125.9383659,0.6223030367710348,0.12126747861344506,middle,1,3
C1,207,126.2880785,126.27502674285714,0.6250605575845918,0.11897803911306251,middle,1,3
C1,208,126.6182561,126.60517631428571,0.6277647458919545,0.11668018895977318,middle,1,3
C1,209,126.941889,126.92880054285715,0.6304154864369003,0.11437735744609082,middle,1,3
C1,210,127.2589728,127.24589508571428,0.633012743647965,0.11207296982529212,middle,1,3
C1,211,127.5695129,127.5564652,0.635556560585342,0.10977043620362428,middle,1,3
C1,212,127.8735244,127.8605258142857,0.6380470595259374,0.10747315255007003,middle,1,3
C1,213,128.1710319,128.15810138571428,0.6404844407932582,0.10518449463755647,middle,1,3
C1,214,128.4620693,128.44922588571427,0.6428689826403983,0.10290781804292619,middle,1,3
C1,215,128.7466804,128.73394272857144,0.6452010406649842,0.10064645006854286,middle,1,3
C1,216,129.024918,129.01230464285715,0.64748104675607,0.0984036958010758,middle,1,3
C1,217,129.2968443,129.28437362857144,0.6497095087431055,0.09618282397429025,middle,1,3
C1,218,129.5625308,129.5502209,0.6518870099278887,0.09398707201802362,middle,1,3
C1,219,129.8220578,129.8099266714286,0.6540142073293967,0.09181964302881625,middle,1,3
C1,220,130.0755148,130.06358015714287,0.6560918316837835,0.08968370072085935,middle,1,3
C1,221,130.3230002,130.31127940000002,0.6581206860402454,0.08758236336719702,middle,1,3
C1,222,130.5646208,130.55313115714287,0.6601016448249287,0.08551871187814082,middle,1,3
C1,223,130.8004924,130.78925075714287,0.6620356526708159,0.08349577465422679,middle,1,3
C1,224,131.030739,131.01976200000001,0.6639237235986464,0.0815165336450327,middle,1,3
C1,225,131.2554931,131.24479694285714,0.6657669392617445,0.0795839182903531,middle,1,3
C1,226,131.474895,131.46449581428573,0.6675664482439528,0.07770080552020805,middle,1,3
C1,227,131.6890935,131.6790068142857,0.669323464421471,0.07587001268620895,middle,1,3
C1,228,131.8982448,131.88848597142857,0.6710392657927426,0.07409430362039292,late,2,3
C1,229,132.1025129,132.09309694285713,0.6727151928402959,0.0723763775273662,late,2,3
C1,230,132.3020694,132.29301088571427,0.6743526474776406,0.0707188740333407,late,2,3
C1,231,132.4970931,132.4884062142857,0.6759530910600745,0.06912436611749423,late,2,3
C1,232,132.6877699,132.67946847142858,0.6775180433315812,0.06759536213158603,late,2,3
C1,233,132.8742926,132.8663900857143,0.6790490804356356,0.06613429873133525,late,2,3
C1,234,133.0568608,133.0493702,0.6805478335110681,0.0647435459254259,late,2,3
C1,235,133.2356806,133.22861444285715,0.6820159868198822,0.06342539899709229,late,2,3
C1,236,133.4109642,133.40433475714286,0.6834552763431168,0.062182080523717376,late,2,3
C1,237,133.5829302,133.57674915714287,0.6848674877916536,0.06101573734743668,late,2,3
C1,238,133.7518028,133.7460815142857,0.6862544548510455,0.05992844158490915,late,2,3
C1,239,133.9178121,133.91256134285715,0.6876180574263471,0.05892218355873484,late,2,3
C1,240,134.0811934,134.07642358571428,0.6889602198869407,0.05799887684644079,late,2,3
C1,241,134.2421873,134.23790834285714,0.6902829088433233,0.0571603522216782,late,2,3
C1,242,134.4010394,134.3972607,0.6915881317429678,0.05640835967381315,late,2,3
C1,243,134.5579999,134.55473042857142,0.6928779344130844,0.05883149109163743,late,2,3
C1,244,134.7133235,134.7105718,0.6941543995394726,0.06623927688778371,late,2,3
C1,245,134.8672693,134.90871414285715,0.6957773433598424,0.07864581896737965,late,2,3
C1,246,135.0201002,135.17499702857143,0.6979584125730586,0.09605990363020778,late,2,3
C1,247,135.172083,135.50986504285714,0.7007012486907094,0.11848498036484037,late,2,3
C1,248,135.6291837,135.91369225714286,0.7040089156561428,0.14283223108651708,late,2,3
C1,249,136.2650196,136.38678174285715,0.7078838958660797,0.16728646947350595,late,2,3
C1,250,136.902076,136.92936524285713,0.7123280874793507,0.18873557622652543,late,2,3
C1,251,137.540114,137.54160284285715,0.7173428017256361,0.2053463056990069,late,2,3
C1,252,138.1788957,138.1799119,0.7225710619997311,0.21708067211472173,late,2,3
C1,253,138.8181847,138.8187315142857,0.7278035041440307,0.22390586998912185,late,2,4
C1,254,139.4577462,139.45782737142855,0.7330382089376536,0.225794313511657,late,2,4
C1,255,140.0973471,140.09696711428572,0.7382732731902786,0.2258105986118329,late,2,4
C1,256,140.7367569,140.73592057142855,0.7435068116143274,0.22574562785811406,late,2,4
C1,257,141.375747,141.37446001428572,0.7487369589311712,0.2256002757402832,late,2,4
C1,258,142.0140922,142.01236048571428,0.7539618725623903,0.22537550965004063,late,2,4
C1,259,142.6515699,142.64940004285714,0.7591797346189703,0.2250723979594371,late,2,4
C1,260,143.2879608,143.28536001428571,0.7643887540075051,0.22469210093262482,late,2,4
C1,261,143.9230495,143.92002534285714,0.7695871692384717,0.22423587476510254,late,2,4
C1,262,144.556624,144.5531847142857,0.774773249479332,0.22370506855426148,late,2,4
C1,263,145.1884767,145.18463094285715,0.7799452977138417,0.22310112127002013,late,2,4
C1,264,145.8184043,145.81416117142857,0.7851016523802069,0.22242556074499098,late,2,4
C1,265,146.4462078,146.44157708571427,0.7902406891262589,0.2216800067038996,late,2,4
C1,266,147.0716935,147.06668524285715,0.7953608235007134,0.22086615965574893,late,2,4
C1,267,147.6946724,147.68929724285712,0.8004605123573076,0.21998580897224948,late,2,4
C1,268,148.3149609,148.30922995714286,0.8055382557269847,0.2190408248093776,late,2,4
C1,269,148.9323811,148.92630584285715,0.810592599392141,0.21803315709759122,late,2,4
C1,270,149.5467607,149.54035304285713,0.8156221357057086,0.2169648355418194,late,2,4
C1,271,150.1579333,150.1512057,0.8206255061654052,0.21583796659204407,late,2,4
C1,272,150.765739,150.75870412857142,0.82560140281787,0.21465472738449914,late,2,4
C1,273,151.3700239,151.362695,0.8305485697798127,0.21341737281028356,late,2,4
C1,274,151.970641,151.96303157142856,0.8354658051101956,0.21212822137810072,late,2,4
C1,275,152.5674499,152.55957388571431,0.8403519624483936,0.21078966127310442,late,2,4
C1,276,153.1603172,153.1521888857143,0.8452059519502836,0.20940414631767046,late,2,4
C1,277,153.7491167,153.74075067142857,0.8500267423944518,0.2079741919321817,late,2,4
C1,278,154.3337295,154.32514062857143,0.8548133622352951,0.20650237210562036,late,2,4
C1,279,154.914044,154.9052476,0.8595649010071579,0.20499132040537646,late,2,4
C1,280,155.4899564,155.48096804285714,0.8642805106114576,0.20344372189881377,late,2,4
C1,281,156.0613707,156.05220615714285,0.8689594063697867,0.20186231618268158,late,2,4
C1,282,156.6281987,156.6188740285714,0.8736008681940278,0.20024989132429058,late,2,4
C1,283,157.1903603,157.1808918,0.8782042419904894,0.19860927982230858,late,2,4
C1,284,157.7477835,157.73818775714287,0.8827689403619736,0.19694335860675566,late,2,4
C1,285,158.3004046,158.29069842857143,0.887294443426858,0.1952550460095906,late,2,4
C1,286,158.8481684,158.8383687142857,0.8917802998721964,0.19354729570588836,late,2,4
C1,287,159.3910281,159.3811519857143,0.8962261277727995,0.19182309671385311,late,2,4
C1,288,159.9289454,159.9190101714286,0.9006316152933024,0.1900854693555947,late,2,4
C1,289,160.4618907,160.45191384285712,0.9049965213902333,0.1883374632375181,late,2,4
C1,290,160.9898432,160.97984225714285,0.9093206761630493,0.18658215321111188,late,2,4
C1,291,161.5127908,161.50278345714287,0.9136039816732133,0.18482263634355328,late,2,4
C1,292,162.0307303,162.0207343142857,0.9178464122952298,0.18306202787846906,late,2,4
C1,293,162.5436673,162.5337005714286,0.9220480150676796,0.18130346123595018,late,2,4
C1,294,163.0516165,163.04169687142857,0.9262089099272408,0.1795500799341303,late,2,4
C1,295,163.5546014,163.54474679999998,0.9303292900597251,0.17780503960877345,late,2,4
C1,296,164.0526545,164.0428828714286,0.9344094217830652,0.17607149892505913,late,2,4
C1,297,164.5458173,164.5361466,0.9384496451323708,0.17435262159718815,late,2,4
C1,298,165.0341403,165.02458841428572,0.942450373157863,0.17265157032954923,late,2,4
C1,299,165.5176828,165.50826771428572,0.9464120923929169,0.17097150681673035,late,2,4
C1,300,165.9965134,165.98725282857143,0.9503353625030295,0.16931558164549154,late,2,4
C1,301,166.4707092,166.46162099999998,0.9542208161688075,0.16768694035355908,late,2,4
C1,302,166.9403565,166.93145831428572,0.9580691585009103,0.16608871131201397,late,2,4
C1,303,167.4055503,167.3968597,0.9618811670400499,0.16452400875468154,late,2,4
C1,304,167.8663945,167.8579288142857,0.9656576908209002,0.16299592671932078,late,2,4
C1,305,168.3230015,168.31477804285714,0.9693996503720966,0.16150753500840662,late,2,4
C1,306,168.7754925,168.7675284,0.9731080368971565,0.16006187716952863,late,2,4
C1,307,169.2239972,169.2163094,0.9767839112213766,0.15866196847577443,late,2,4
C1,308,169.6686538,169.66125902857144,0.9804284035578102,0.15731078986691927,late,2,4
C1,309,170.109609,170.1025236,0.9840427123371532,0.15601128592980643,late,2,4
C1,310,170.5470173,170.5402576714286,0.9876281035056758,0.154766363888562,late,2,4
C1,311,170.9810419,170.97462391428573,0.9911859094721192,0.138584942589746,late,2,4
C1,312,171.4118535,171.40579297142858,0.9947175279375836,0.12258841259928974,late,2,4
C1,313,171.839631,171.62182363333338,0.9964869913581387,0.10676895046499765,late,2,4
C1,314,172.2645609,171.83678490000003,0.9982476955787759,0.09508154180290733,late,2,4
C1,315,172.6868372,172.05072065000002,0.9999999999999919,0.0759791891004904,late,2,4
C4,1,31.41635516,36.368248785,0.0,0.41464740737851313,early,0,0
C4,2,34.8927704,37.850837293999994,0.008571868260006676,0.4541843569627428,early,0,0
C4,3,38.10284657,39.25514947333333,0.016691166989286306,0.6000709606548357,early,0,0
C4,4,41.06102301,40.58447397428571,0.024376910152538428,0.817345213310228,early,0,0
C4,5,43.78119133,43.33137471857143,0.040258640761130095,0.8885122454276606,early,0,0
C4,6,46.27671037,45.852589845714284,0.054835526925978,0.9491505090583887,early,0,0
C4,7,48.56042098,48.16098903285714,0.06818197714030047,0.999999999925473,early,0,0
C4,8,50.64466037,50.26893777142857,0.08036948485143815,0.9134163356585049,early,0,0
C4,9,52.54127629,52.18831150285714,0.09146671018918234,0.8319556722823379,early,0,0
C4,10,54.26164088,53.930509474285714,0.1015395600752303,0.7554126980387124,early,0,0
C4,11,55.81666418,55.50646829857143,0.11065126662291148,0.6835879491115915,early,0,0
C4,12,57.21680745,56.92667524857143,0.11886246400063642,0.6162876889774211,early,0,0
C4,13,58.47209617,58.20118127,0.12623126366821227,0.5533237900945107,early,0,0
C4,14,59.59213275,59.33961371714286,0.13281332801080437,0.4945136173159914,early,0,0
C4,15,60.58610902,60.35118883571429,0.13866194251095557,0.4396799124107789,early,0,0
C4,16,61.46281844,61.244723969999995,0.14382808632651137,0.3886506808005432,early,0,0
C4,17,62.23066801,62.02864951714286,0.1483605014066031,0.34125908051270964,early,0,0
C4,18,62.89769001,62.71102062571428,0.1523057601291695,0.29734331113344814,early,0,0
C4,19,63.47155339,63.29952864285714,0.15570833148479732,0.25674650682336175,early,0,0
C4,20,63.959575,63.80151230857143,0.15861064579861892,0.2193166284713876,early,0,0
C4,21,64.36873051,64.22396872142858,0.16105315813068127,0.18490635966518398,early,0,0
C4,22,64.70566514,64.57356404142857,0.163074410156556,0.15337300253837788,early,0,0
C4,23,64.9767041,64.85664398142858,0.16471109082553498,0.12457837681875421,early,0,0
C4,24,65.1878629,65.07924404571429,0.16599809555688363,0.09848921247827197,early,0,0
C4,25,65.34485725,65.24709955285714,0.1669685841889017,0.07534228525046786,early,0,0
C4,26,65.45311297,65.36682154142856,0.16766077970210752,0.05532792835128144,early,0,0
C4,27,65.51777545,65.44782367857144,0.16812910900869038,0.0385928410327033,early,0,0
C4,28,65.54371906,65.49866027285714,0.16842303047534085,0.02524279372231969,early,0,0
C4,29,65.54371906,65.52706910285714,0.16858728154480665,0.015244742795018243,early,0,0
C4,30,65.54371906,65.54001283000001,0.1686621181722246,0.008264109281545869,early,0,0
C4,31,65.54371906,65.54371906,0.1686835464479116,0.008835271067862456,early,0,0
C4,32,65.54371906,65.54371906,0.1686835464479116,0.016416336364308143,early,0,0
C4,33,65.54371906,65.60118332285714,0.16901578704459747,0.030325628713669037,early,0,0
C4,34,65.54371906,65.71756160285715,0.16968865026890445,0.04996304787353995,early,0,0
C4,35,65.54371906,65.89190649857143,0.1706966585387618,0.074805107787908,early,0,0
C4,36,65.9459689,66.12348215,0.17203555733921846,0.09954847941452437,early,0,0
C4,37,66.35836702,66.41174537714285,0.17370220617149595,0.12405005123076181,early,0,0
C4,38,66.76413333,66.75632770428571,0.1756944746229676,0.14343329400966384,early,0,0
C4,39,67.16474862,67.15701824285715,0.17801114340113194,0.15764153105775075,early,0,0
C4,40,67.56156165,67.55628313857143,0.18031956955318446,0.1668176397386599,early,0,0
C4,41,67.95579535,67.95272886428572,0.18261169613614156,0.1710795857066181,early,0,0
C4,42,68.34855283,68.34747016571428,0.18489396826498164,0.17052238568076244,early,0,0
C4,43,68.74082317,68.74150742142857,0.1871721698192319,0.1701721610253688,early,0,0
C4,44,69.1334871,69.13573230142858,0.18945145615907838,0.17020851156140449,early,0,0
C4,45,69.52732244,69.53093324714287,0.19173638580903088,0.17058688380152545,early,0,0
C4,46,69.92300941,69.92780077857142,0.19403095114218202,0.17126501561857438,early,0,0
C4,47,70.32113581,70.32693265,0.19633860818895313,0.17220286471753113,early,0,0
C4,48,70.72220197,70.72883883714286,0.19866230547121108,0.17336254006213728,early,0,0
C4,49,71.12662555,71.1339463657143,0.2010045119195758,0.1747082336708601,early,0,0
C4,50,71.53474627,71.54260399571429,0.20336724395651115,0.17620615438263473,early,0,0
C4,51,71.94683041,71.95508673714286,0.20575209160478883,0.17782446273064692,early,0,0
C4,52,72.36307514,72.37160023714286,0.20816024385259113,0.1795332075396428,early,0,0
C4,53,72.78361282,72.79228501142858,0.21059251311832294,0.18130426252327048,early,0,0
C4,54,73.208515,73.21722053714286,0.2130493589142454,0.18311126682098694,early,0,0
C4,55,73.63779647,73.64642920142857,0.21553091067589508,0.18492956368830163,early,0,0
C4,56,74.07141897,74.07988012714284,0.21803698988118095,0.18673614312657114,early,0,0
C4,57,74.50929495,74.51749284857144,0.22056713130222774,0.1885095837741714,early,0,0
C4,58,74.95129106,74.95914087714286,0.2231206036212324,0.1902299979985361,early,0,0
C4,59,75.39723162,75.40465512,0.22569642919558808,0.1918789757570994,early,0,0
C4,60,75.84690187,75.85382719142856,0.2282934032035392,0.19343953239780767,early,0,0
C4,61,76.3000512,76.30641258714286,0.2309101119969202,0.1948960553516506,early,0,0
C4,62,76.75639617,76.76213375428571,0.23354495085094576,0.19623425365672809,early,0,0
C4,63,77.21562347,77.22068303857142,0.2361961410036798,0.1974411072361258,early,0,0
C4,64,77.67739272,77.68172551714285,0.2388617460347392,0.19850481876112466,early,0,1
C4,65,78.14133923,78.14490172142857,0.24153968760801164,0.1994147653913118,early,0,1
C4,66,78.60707661,78.60983025285714,0.2442277605949068,0.20016145223824336,early,0,1
C4,67,79.07419922,79.07611029285714,0.2469236475864002,0.20073646693712272,early,0,1
C4,68,79.54228463,79.54332401,0.2496249328103886,0.20113243508027923,early,0,1
C4,69,80.01089589,80.01103886571427,0.2523291154626168,0.2013429768817255,early,0,1
C4,70,80.47958375,80.47880982000001,0.2550336224594365,0.20136266482665682,early,0,1
C4,71,80.94788874,80.94618144428571,0.2577358206536911,0.20118698218270625,early,0,1
C4,72,81.41534322,81.41268993999999,0.2604330285054732,0.20081228261921408,early,0,1
C4,73,81.88147329,81.87786506428571,0.26312252721600815,0.2002357515500572,early,0,1
C4,74,82.34580059,82.34123196714286,0.265801571349446,0.19945536698406113,early,0,1
C4,75,82.8078441,82.80231294857143,0.26846739899211813,0.19846986234516475,early,0,1
C4,76,83.26712176,83.26062911714284,0.2711172413418845,0.19727869052371766,early,0,1
C4,77,83.72315207,83.71570197714286,0.27374833188450287,0.19588198805090776,early,0,1
C4,78,84.17545561,84.16705493714286,0.2763579151157217,0.19428054025806776,early,0,1
C4,79,84.6235564,84.61421473142856,0.27894325475954107,0.19247574840576676,early,0,1
C4,80,85.06698331,85.05671277285714,0.28150164159001445,0.1904695961973559,early,0,1
C4,81,85.50527131,85.49408643,0.2840304008152931,0.18826461838541864,early,0,1
C4,82,85.93796266,85.9258802257143,0.28652689900739614,0.18586386950132464,early,0,1
C4,83,86.36460805,86.35164698142857,0.28898855071811586,0.183270893815902,early,0,1
C4,84,86.78476767,86.77094887571427,0.29141282459935114,0.18048969579256477,early,0,1
C4,85,87.19801218,87.18335844857143,0.29379724920957667,0.17752471238711592,early,0,1
C4,86,87.60392369,87.58845953571429,0.29613941841559344,0.17438078423955136,early,0,1
C4,87,88.00209657,87.98584814571429,0.2984369964638981,0.1710631298205297,early,0,1
C4,88,88.39213832,88.37513327,0.3006877226638524,0.16757731859297226,early,0,1
C4,89,88.77367027,88.75593764142856,0.30288941577350825,0.16392924638966225,early,0,1
C4,90,89.14632832,89.12789842714285,0.30503997800549404,0.16012511017528983,early,0,1
C4,91,89.50976354,89.49066787714285,0.30713739877685325,0.15617138490139632,early,0,1
C4,92,89.86364278,89.84391390857142,0.3091797580872045,0.1520747994995434,early,0,1
C4,93,90.20764919,90.18732064714285,0.3111652296491137,0.14784231558293398,early,0,1
C4,94,90.54148272,90.52058890714285,0.3130920836633057,0.1434811050400392,early,0,1
C4,95,90.86486054,90.84343663714286,0.3149586893956467,0.13899852947488708,early,0,1
C4,96,91.17751744,91.15559930857144,0.3167635174237436,0.13440211940115238,middle,1,1
C4,97,91.47920614,91.45683026142856,0.3185051416357572,0.1296995555291193,middle,1,1
C4,98,91.76969765,91.74690100428572,0.32018224096491016,0.12489864882155455,middle,1,1
C4,99,92.04878148,92.02560147714284,0.3217936009092444,0.12000732301179277,middle,1,1
C4,100,92.31626586,92.29274026571429,0.3233381147705563,0.1150335963831791,middle,1,1
C4,101,92.57197792,92.54814478714286,0.32481478472813774,0.10998556490270811,middle,1,1
C4,102,92.81576385,92.79166142428572,0.3262227226151759,0.10487138584715132,middle,1,1
C4,103,93.04748896,93.02315563,0.3275611505217001,0.09969926204470338,middle,1,1
C4,104,93.26703779,93.242512,0.3288294012158199,0.09447742599355757,middle,1,1
C4,105,93.47431411,93.44963430428571,0.3300269183254349,0.08921412595023043,middle,1,1
C4,106,93.66924092,93.64444548857144,0.33115325634649473,0.08391761152547794,middle,1,1
C4,107,93.85176045,93.82688764714285,0.33220808048606687,0.07859612001885329,middle,1,1
C4,108,94.02183405,93.99692196,0.33319116629891676,0.07325786349195633,middle,1,1
C4,109,94.17944214,94.15452860714285,0.3341023991919338,0.06791101633411717,middle,1,1
C4,110,94.32458407,94.29970664999999,0.3349417737385883,0.06256370319743051,middle,1,1
C4,111,94.45727798,94.43247388857142,0.33570939285297546,0.05722398779355591,middle,1,1
C4,112,94.57756064,94.55286669428571,0.33640546682344724,0.05189986144430891,middle,1,1
C4,113,94.68548722,94.66093981714286,0.3370303121975719,0.04659923298647914,middle,1,1
C4,114,94.78113112,94.75676616714286,0.3375843505184215,0.04132991879975486,middle,1,1
C4,115,94.86458369,94.84043657857144,0.33806810696174516,0.0360996330808853,middle,1,1
C4,116,94.935954,94.91205955142857,0.3384822088409884,0.030915978856497016,middle,1,1
C4,117,94.99536852,94.97176097142857,0.33882738398842055,0.025786439488371442,middle,1,1
C4,118,95.04297086,95.01968381285714,0.339104459037146,0.02082582527065781,middle,1,1
C4,119,95.07892145,95.05598782142856,0.3393143575874823,0.016171975947829275,middle,1,1
C4,120,95.10339716,95.08209607142858,0.3394653074148558,0.011959464980390225,middle,1,1
C4,121,95.11659101,95.09971653285713,0.33956718347360654,0.008319418077803743,middle,1,1
C4,122,95.11871175,95.11053666,0.33962974210256,0.005379338133262201,middle,1,1
C4,123,95.11871175,95.11622098857143,0.33966260713244867,0.0031554801141030478,middle,1,1
C4,124,95.11871175,95.11840878714284,0.33967525630719925,0.001636977171964439,middle,1,1
C4,125,95.11871175,95.11871175,0.33967700794474637,0.0007045160688667417,middle,1,1
C4,126,95.11871175,95.11871175,0.33967700794474637,0.00021464980203786884,middle,1,1
C4,127,95.11871175,95.11871175,0.33967700794474637,2.610885031753282e-05,middle,1,2
C4,128,95.11871175,95.11871175,0.33967700794474637,0.0010901680435508147,middle,1,2
C4,129,95.11871175,95.11871175,0.33967700794474637,0.0050487143826315585,middle,1,2
C4,130,95.11871175,95.13136188285715,0.3397501471008,0.011732527740836055,middle,1,2
C4,131,95.11871175,95.17729621142858,0.3400157251831445,0.020999613590551462,middle,1,2
C4,132,95.11871175,95.25485409571426,0.3404641408848621,0.03270929999616952,middle,1,2
C4,133,95.20726268,95.3623878542857,0.34108586782148825,0.04563227098174956,middle,1,2
C4,134,95.44025205,95.49826515285714,0.3418714683409915,0.057852889468421556,middle,1,2
C4,135,95.66161694,95.66087134142857,0.34281160703641167,0.06828858539167491,middle,1,2
C4,136,95.87144806,95.84861174142858,0.3438970639694122,0.07516973100507386,middle,1,2
C4,137,96.06985284,96.04726374571429,0.3450456084239163,0.07864898159514792,middle,1,2
C4,138,96.25695507,96.2346452,0.3461289900438028,0.07887881368982885,middle,1,2
C4,139,96.43289455,96.41089515714286,0.34714801278968893,0.07601129533148587,middle,1,2
C4,140,96.59782671,96.57616828000002,0.34810357087438437,0.07128802796378723,middle,1,2
C4,141,96.75192223,96.73063446285714,0.34899664657410795,0.06663779825632143,middle,1,2
C4,142,96.89536664,96.87447843999999,0.3498283079653699,0.062066997075146256,middle,1,2
C4,143,97.02835992,97.00789938428571,0.35059970660403483,0.05758184366821955,middle,1,2
C4,144,97.15111612,97.13111050714285,0.3513120752126458,0.05318838258760085,middle,1,2
C4,145,97.26386291,97.24433863857143,0.3519667252521144,0.048892480611641365,middle,1,2
C4,146,97.36684116,97.34782381285716,0.35256504452644855,0.04469982415964262,middle,1,2
C4,147,97.46030457,97.44181884142859,0.35310849471314487,0.04061591646028536,middle,1,2
C4,148,97.54451915,97.52658888142857,0.3535986088688019,0.03664607570492963,middle,1,2
C4,149,97.61976286,97.60241100285715,0.35403698892647445,0.032795432462289206,middle,1,2
C4,150,97.68632512,97.66957374714286,0.3544253031434691,0.02906892832417551,middle,1,2
C4,151,97.7445064,97.72837668285716,0.35476528353262277,0.02547131405883829,middle,1,2
C4,152,97.79461776,97.77912996285714,0.3550587233018387,0.022007148133601686,middle,1,2
C4,153,97.83698037,97.82215387142857,0.3553074742358073,0.018680795606881868,middle,1,2
C4,154,97.87192512,97.8577783742857,0.3555134440942446,0.015496427389483555,middle,1,2
C4,155,97.89979211,97.88634266428572,0.3556785939853536,0.012484231031668118,middle,1,2
C4,156,97.92093022,97.90819470857143,0.35580493574754307,0.009707927694482171,middle,1,2
C4,157,97.93569664,97.92399495142857,0.355896287865427,0.007226217170595815,middle,1,2
C4,158,97.94445643,97.93480308714285,0.3559587771636488,0.005092708941583942,middle,1,2
C4,159,97.94758207,97.94163022428572,0.3559982495592774,0.003355858898384529,middle,1,2
C4,160,97.94758207,97.94543763142858,0.3560202628099148,0.002032699829827182,middle,1,2
C4,161,97.94758207,97.94713555,0.35603007965000366,0.0011012721287005321,middle,1,2
C4,162,97.94758207,97.94758207,0.3560326612905548,0.0005129204626638317,middle,1,2
C4,163,97.94758207,97.94758207,0.3560326612905548,0.00018480425686618306,middle,1,2
C4,164,97.94758207,97.94758207,0.3560326612905548,3.8480373313248476e-05,middle,1,2
C4,165,97.94758207,97.94758207,0.3560326612905548,0.0,middle,1,2
C4,166,97.94758207,97.94758207,0.3560326612905548,0.0,middle,1,2
C4,167,97.94758207,97.94758207,0.3560326612905548,0.0,middle,1,2
C4,168,97.94758207,97.94758207,0.3560326612905548,0.0,middle,1,2
C4,169,97.94758207,97.94758207,0.3560326612905548,0.0,middle,1,2
C4,170,97.94758207,97.94758207,0.3560326612905548,0.0,middle,1,2
C4,171,97.94758207,97.94758207,0.3560326612905548,0.0,middle,1,2
C4,172,97.94758207,97.94758207,0.3560326612905548,0.0,middle,1,2
C4,173,97.94758207,97.94758207,0.3560326612905548,0.0,middle,1,2
C4,174,97.94758207,97.94758207,0.3560326612905548,0.0,middle,1,2
C4,175,97.94758207,97.94758207,0.3560326612905548,0.0,middle,1,2
C4,176,97.94758207,97.94758207,0.3560326612905548,0.0,middle,1,2
C4,177,97.94758207,97.94758207,0.3560326612905548,0.0,middle,1,2
C4,178,97.94758207,97.94758207,0.3560326612905548,0.0,middle,1,2
C4,179,97.94758207,97.94758207,0.3560326612905548,0.0,middle,1,2
C4,180,97.94758207,97.94758207,0.3560326612905548,0.0,middle,1,2
C4,181,97.94758207,97.94758207,0.3560326612905548,0.0,middle,1,2
C4,182,97.94758207,97.94758207,0.3560326612905548,0.0,middle,1,2
C4,183,97.94758207,97.94758207,0.3560326612905548,0.0,middle,1,2
C4,184,97.94758207,97.94758207,0.3560326612905548,0.0,middle,1,2
C4,185,97.94758207,97.94758207,0.3560326612905548,0.0,middle,1,2
C4,186,97.94758207,97.94758207,0.3560326612905548,0.0,middle,1,2
C4,187,97.94758207,97.94758207,0.3560326612905548,0.0,middle,1,2
C4,188,97.94758207,97.94758207,0.3560326612905548,0.0,middle,1,2
C4,189,97.94758207,97.94758207,0.3560326612905548,0.0,middle,1,2
C4,190,97.94758207,97.94758207,0.3560326612905548,0.0,middle,1,3
C4,191,97.94758207,97.94758207,0.3560326612905548,0.0,middle,1,3
C4,192,97.94758207,97.94758207,0.3560326612905548,0.0,middle,1,3
C4,193,97.94758207,97.94758207,0.3560326612905548,0.0012534651297385203,middle,1,3
C4,194,97.94758207,97.94758207,0.3560326612905548,0.003916099667066383,middle,1,3
C4,195,97.94758207,97.96212707571429,0.3561167560154681,0.008120405344067405,middle,1,3
C4,196,97.94758207,97.99302385428571,0.3562953916341614,0.014002778909683069,middle,1,3
C4,197,97.94758207,98.04180993428572,0.35657745766134535,0.021703412039680903,middle,1,3
C4,198,98.04939711,98.11006804142858,0.35697210492763276,0.030112722546622197,middle,1,3
C4,199,98.16385952,98.19942493714287,0.3574887388645184,0.039222474485185836,middle,1,3
C4,200,98.28908463,98.31155021571429,0.3581370125498305,0.047797646870222046,middle,1,3
C4,201,98.42538882,98.44815507571427,0.358926819604511,0.055700451787397146,middle,1,3
C4,202,98.57308034,98.59644606285714,0.35978419223232966,0.06281576352966331,middle,1,3
C4,203,98.73245902,98.75640703428573,0.36070903710027846,0.06902401020077932,middle,1,3
C4,204,98.90381609,98.92832885142856,0.3617030358791867,0.07420126371015039,middle,1,3
C4,205,99.08743402,99.11249361571429,0.36276781959227317,0.07947279772900744,middle,1,3
C4,206,99.28358632,99.3091744842857,0.3639049675496623,0.08486195835169376,middle,1,3
C4,207,99.49253735,99.51863549571429,0.3651160063407188,0.0903648208913655,middle,1,3
C4,208,99.71454217,99.74113141142857,0.3664024089172359,0.09597739061044537,middle,1,3
C4,209,99.94984642,99.97690755142857,0.36776559364358735,0.10169560567534398,middle,1,3
C4,210,100.1986861,100.22619966285713,0.3692069235368467,0.1075153410960066,middle,1,3
C4,211,100.4612875,100.48923377000001,0.370727705399535,0.11343241155753077,middle,1,3
C4,212,100.737867,100.76622604571428,0.372329189076259,0.11944257745260545,middle,1,3
C4,213,101.0286311,101.05738268571429,0.3740125667268721,0.1255415452508935,middle,1,3
C4,214,101.3337761,101.36289981428571,0.3757789722813412,0.13172497316214332,middle,1,3
C4,215,101.6534881,101.68296335714285,0.37762948070464813,0.13798847581447554,middle,1,3
C4,216,101.9879429,102.01774895714286,0.3795651075094741,0.14432762523925752,middle,1,3
C4,217,102.337306,102.3674219,0.3815868083267034,0.15073795653426797,middle,1,3
C4,218,102.7017323,102.732137,0.3836954782446592,0.1572149714339302,middle,1,3
C4,219,103.0813662,103.11203857142857,0.38589195164391127,0.1656061708141945,middle,1,3
C4,220,103.4763417,103.50726034285715,0.3881770017017033,0.17752588884521114,middle,1,3
C4,221,103.8867818,103.93941605714285,0.3906755923950607,0.19299735060223722,middle,1,3
C4,222,104.3127991,104.42740347142856,0.3934969847115437,0.21204142479722388,middle,1,3
C4,223,104.7544953,104.97164690000001,0.39664363190513036,0.23467661762319067,middle,1,3
C4,224,105.362396,105.57253281428572,0.4001177684341023,0.2590670253528319,middle,1,3
C4,225,106.1176442,106.23040968571429,0.40392140905249246,0.2836074992009162,middle,1,3
C4,226,106.8910702,106.94558772857144,0.4080563473233657,0.30642955262317345,middle,1,3
C4,227,107.6825431,107.71833881428572,0.41252415512324386,0.32589777344714654,middle,1,3
C4,228,108.4919199,108.52740564285715,0.41720192931746947,0.34196777857246763,late,2,3
C4,229,109.3190454,109.35419762857143,0.4219821848886883,0.35459747847497775,late,2,3
C4,230,110.1637529,110.19854822857143,0.4268639589376045,0.36374709813577555,late,2,3
C4,231,111.0258638,111.06027925714285,0.4318462212495231,0.37123124167828664,late,2,3
C4,232,111.9051881,111.93920104285715,0.4369278752029013,0.3786337410481792,late,2,3
C4,233,112.8015244,112.83511265714286,0.4421077590908769,0.3859497345533155,late,2,3
C4,234,113.7146603,113.74780204285715,0.44738464686463025,0.39317444421770137,late,2,3
C4,235,114.6443724,114.67704624285714,0.45275724945491197,0.4003031770126027,late,2,3
C4,236,115.5904267,115.62261162857145,0.45822421609357317,0.40733132485657597,late,2,3
C4,237,116.5525786,116.58425407142856,0.4637841353047116,0.4142543756954976,late,2,3
C4,238,117.5305732,117.56171917142856,0.4694355362262025,0.42106790857812015,late,2,3
C4,239,118.5241458,118.55474251428572,0.4751768900964172,0.4277675973494229,late,2,3
C4,240,119.5330215,119.56304984285714,0.48100661124537125,0.4343492180373318,late,2,3
C4,241,120.556916,120.58635732857144,0.4869230586640404,0.4408086439282298,late,2,3
C4,242,121.5955358,121.62437182857143,0.49292453749108056,0.44714185418480995,late,2,3
C4,243,122.648578,122.67679105714286,0.49900930000397564,0.4533449350771924,late,2,3
C4,244,123.715731,123.74330394285714,0.505175547683926,0.45941407752067165,late,2,3
C4,245,124.7966747,124.82359081428571,0.5114214322895921,0.4653455832313327,late,2,3
C4,246,125.8910804,125.91732364285714,0.5177450572612186,0.47113587088164266,late,2,3
C4,247,126.9986117,127.02416637142856,0.5241444796203328,0.47678146625148365,late,2,3
C4,248,128.1189241,128.14377515714287,0.5306177113738708,0.48227901453936783,late,2,3
C4,249,129.2516656,129.27579861428572,0.5371627209182999,0.4876252791313128,late,2,3
C4,250,130.3964771,130.41987814285713,0.5437774349393194,0.4928171403697088,late,2,3
C4,251,131.5529925,131.57564815714287,0.5504597397333891,0.4978516004778066,late,2,3
C4,252,132.7208389,132.7427364,0.5572074830248314,0.5027257847908569,late,2,3
C4,253,133.8996371,133.92076424285713,0.5640184757003393,0.5074369392938297,late,2,4
C4,254,135.0890018,135.10934694285714,0.570890493295697,0.5119824367770451,late,2,4
C4,255,136.2885418,136.30809394285714,0.5778212777302862,0.516359776836169,late,2,4
C4,256,137.4978605,137.51660917142857,0.5848085390415947,0.5205665821788371,late,2,4
C4,257,138.716556,138.73449135714287,0.5918499572023178,0.524600606011395,late,2,4
C4,258,139.9442215,139.9613342857143,0.5989431836070794,0.5284597295766431,late,2,4
C4,259,141.1804455,141.19672714285716,0.6060858430547267,0.5321419646160828,late,2,4
C4,260,142.4248124,142.4402547857143,0.6132755353176444,0.5356454521387942,late,2,4
C4,261,143.6769023,143.69149807142858,0.6205098370414552,0.53896846488369,late,2,4
C4,262,144.9362918,144.95003415714285,0.6277863034795255,0.5421094060883649,late,2,4
C4,263,146.202554,146.21543678571427,0.635102470144878,0.5450668131824844,late,2,4
C4,264,147.475259,147.48727661428572,0.6424558547098894,0.5478393540944115,late,2,4
C4,265,148.7539741,148.76512152857143,0.6498439588233934,0.5504258272512083,late,2,4
C4,266,150.0382639,150.04853692857142,0.6572642697625927,0.5528251677342403,late,2,4
C4,267,151.3276912,151.3370860285714,0.6647142621675655,0.5550364398924411,late,2,4
C4,268,152.6218167,152.63033021428572,0.6721914001061564,0.5570588422668195,late,2,4
C4,269,153.9201996,153.9278292857143,0.6796931384780992,0.5588917038970737,late,2,4
C4,270,155.2223977,155.22914182857144,0.687216925162504,0.5605344892460922,late,2,4
C4,271,156.5279683,156.53382545714285,0.694760202421981,0.5619867932754461,late,2,4
C4,272,157.8364676,157.84143717142857,0.7023204089675308,0.5632483451387805,late,2,4
C4,273,159.1474517,159.15153365714286,0.7098949816930508,0.564318999563966,late,2,4
C4,274,160.4604766,160.46367157142853,0.7174813573272468,0.5651987491642758,late,2,4
C4,275,161.7750987,161.7774078142857,0.725076974002951,0.5658877133583334,late,2,4
C4,276,163.090875,163.0922999142857,0.7326792734871995,0.5663861420634582,late,2,4
C4,277,164.4073631,164.40790625714286,0.7402857025027645,0.5666944107711998,late,2,4
C4,278,165.724122,165.72378642857143,0.7478937147104463,0.5668130279340303,late,2,4
C4,279,167.0407123,167.03950144285713,0.7555007720306038,0.566742626347544,late,2,4
C4,280,168.3566961,168.3546141,0.7631043467080438,0.5664839656126556,late,2,4
C4,281,169.6716378,169.66868927142858,0.7707019229639324,0.5660379272111619,late,2,4
C4,282,170.9851038,170.98129415714286,0.778290998482515,0.5654055218924168,late,2,4
C4,283,172.2966636,172.2919985714286,0.7858690860630297,0.5645878798244215,late,2,4
C4,284,173.6058893,173.60037525714284,0.7934337154368074,0.5635862530560138,late,2,4
C4,285,174.9123562,174.90600012857143,0.8009824346714,0.5624020118235522,late,2,4
C4,286,176.2156432,176.2084525857143,0.8085128119876797,0.5610366494753669,late,2,4
C4,287,177.5153329,177.50731572857143,0.8160224369987754,0.5594917726228167,late,2,4
C4,288,178.8110119,178.80217670000002,0.823508922692366,0.557769106064754,late,2,4
C4,289,180.102271,180.09262688571428,0.8309699065870171,0.5558704854008213,late,2,4
C4,290,181.3887056,181.37826221428574,0.8384030524666908,0.553797863187046,late,2,4
C4,291,182.6699161,182.65868338571428,0.8458060517022723,0.5515532966246258,late,2,4
C4,292,183.9455075,183.93349615714286,0.853176624903484,0.5491389574089249,late,2,4
C4,293,185.2150905,185.20231154285713,0.8605125230752216,0.5465571181870973,late,2,4
C4,294,186.4782811,186.46474612857145,0.8678115294346587,0.5438101611760037,late,2,4
C4,295,187.7347013,187.7204222142857,0.8750714602372003,0.5409005683131679,late,2,4
C4,296,188.9839787,188.96896814285716,0.8822901666761845,0.5378309249502048,late,2,4
C4,297,190.2257477,190.21001847142858,0.889465535874026,0.5346039100038211,late,2,4
C4,298,191.4596487,191.44321421428572,0.8965954922863433,0.5312223070359261,late,2,4
C4,299,192.685329,192.66820304285713,0.903677998858296,0.5276889870179053,late,2,4
C4,300,193.9024428,193.88463955714286,0.9107110585939013,0.5240069157174007,late,2,4
C4,301,195.1106513,195.09218541428572,0.9176927152993934,0.5201791475426648,late,2,4
C4,302,196.3096231,196.2905095857143,0.924621055069945,0.5162088267736948,late,2,4
C4,303,197.4990343,197.47928852857143,0.9314942072808134,0.5120991777132871,late,2,4
C4,304,198.6785687,198.65820639999998,0.9383103458262748,0.5078535120737319,late,2,4
C4,305,199.8479179,199.82695521428573,0.945067690028176,0.5034752191278726,late,2,4
C4,306,201.0067816,200.9852350571429,0.9517645058748667,0.4989677669402242,late,2,4
C4,307,202.1548679,202.13275422857143,0.9583991068471568,0.4943346962113776,late,2,4
C4,308,203.291893,203.2692294285714,0.9649698549920587,0.4895796215090811,late,2,4
C4,309,204.417582,204.39438590000003,0.9714751617487429,0.4847062263438297,late,2,4
C4,310,205.5316685,205.5079576,0.977913488939684,0.4797182619376989,late,2,4
C4,311,206.6338951,206.60968735714283,0.984283349679214,0.4289145775096355,late,2,4
C4,312,207.7240132,207.699327,0.990583309116882,0.37873865338526097,late,2,4
C4,313,208.8017835,208.2462845,0.9937456482321263,0.3292081813718436,late,2,4
C4,314,209.8669762,208.78920770000005,0.9968846622724016,0.29282861014313194,late,2,4
C4,315,210.9193705,209.32803585000005,0.9999999999999942,0.23393250233933066,late,2,4
C6,1,62.78864802,64.6942110075,0.0,0.281032273158815,early,0,0
C6,2,64.13604296,65.25753045,0.0033178548262754776,0.30740768162801674,early,0,0
C6,3,65.36527295,65.789012865,0.006448195025190741,0.40651855345804894,early,0,0
C6,4,66.4868801,66.2909457742857,0.009404493707425627,0.5533384677312693,early,0,0
C6,5,67.51080822,67.33363068714286,0.015545728874198198,0.6009883001081798,early,0,0
C6,6,68.44642494,68.28689436428571,0.02116028831117613,0.6424144392546022,early,0,0
C6,7,69.30254323,69.15959182714286,0.026300326574668048,0.7108421973703525,early,0,0
C6,8,70.08744241,69.96004343428571,0.031014849148525144,0.6991775422923474,early,0,0
C6,9,70.8088887,70.90626005428571,0.03658790262851232,0.7062277660941101,early,0,0
C6,10,71.47415519,71.87320938285714,0.04228306820335317,0.7321960398466347,early,0,0
C6,11,72.09004135,72.87224833714286,0.048167236165679576,0.7771970056446064,early,0,0
C6,12,74.13432456,73.9135510757143,0.0543003305631503,0.8088891324985289,early,0,0
C6,13,75.21507024,75.00618229857143,0.06073574092286961,0.847616160767919,early,0,0
C6,14,76.29581591,76.15816769,0.06752073714772493,0.8602004791612321,early,0,0
C6,15,77.37656158,77.37656158285714,0.07469686804741528,0.8662754071894041,early,0,0
C6,16,78.45730726,78.45730725714286,0.08106227456612462,0.8590862176455469,early,0,0
C6,17,79.53805293,79.53805293,0.08742768107641992,0.8373968092107805,early,0,0
C6,18,80.6187986,80.58400660714287,0.09358816870377357,0.8001206865426573,early,0,0
C6,19,81.69954428,81.59516828714287,0.09954373743977155,0.778686289490126,early,0,0
C6,20,82.78028995,82.57153797000001,0.10529438728441383,0.7518932936145147,early,0,0
C6,21,83.61749165,83.51311565571429,0.11084011823770042,0.7251002972988531,early,0,0
C6,22,84.45469334,84.41990134571428,0.1161809303080454,0.6983073009831929,early,0,0
C6,23,85.29189504,85.29189503714285,0.1213168234786207,0.676872903930664,early,0,0
C6,24,86.12909673,86.12909673142858,0.1262477977578404,0.6607971061412682,early,0,0
C6,25,86.96629843,86.96629842571429,0.13117877203706002,0.6500799073949803,early,0,0
C6,26,87.80350012,87.80350012,0.13610974631627965,0.6447213081318476,early,0,0
C6,27,88.64070181,88.64070181428572,0.14104072059549935,0.6447213081318458,early,0,0
C6,28,89.47790351,89.47790350857143,0.14597169487471898,0.635658623909438,early,0,0
C6,29,90.3151052,90.31510520285714,0.1509026691539386,0.6175332556846506,early,0,0
C6,30,91.1523069,91.09346523571428,0.1554870761471252,0.5903452030174255,early,0,0
C6,31,91.98950859,91.81298360857143,0.1597249158626929,0.5540944663478223,early,0,0
C6,32,92.82671029,92.47366031857142,0.1636161882838135,0.5087810452357882,early,0,0
C6,33,93.25202035,93.07549536857142,0.16716089342731516,0.46346762434377575,early,0,0
C6,34,93.67733042,93.6184887557143,0.17035903127636987,0.4181542032317372,early,0,0
C6,35,94.10264048,94.10264048285714,0.17321060184780543,0.38190346656213403,early,0,0
C6,36,94.52795055,94.52795054857143,0.17571560513320805,0.3547154138949134,early,0,0
C6,37,94.95326061,94.95326061428571,0.17822060841861068,0.33659004567012163,early,0,0
C6,38,95.37857068,95.37857068000001,0.18072561170401338,0.32752736144771594,early,0,0
C6,39,95.80388075,95.8038807457143,0.183230614989416,0.32752736144771377,early,0,0
C6,40,96.22919081,96.22919081142858,0.18573561827481863,0.3275273614477116,early,0,0
C6,41,96.65450088,96.65450087714285,0.18824062156022117,0.32752736122768766,early,0,0
C6,42,97.07981094,97.07981094285712,0.1907456248456237,0.32752736122768766,early,0,0
C6,43,97.50512101,97.50512100714286,0.19325062812261246,0.3275273610076608,early,0,0
C6,44,97.93043107,97.93043107285715,0.19575563140801508,0.327527361007663,early,0,0
C6,45,98.35574114,98.35574113714286,0.19826063468500363,0.32752736166774205,early,0,0
C6,46,98.7810512,98.78105120285714,0.20076563797040625,0.32752736122768694,early,0,0
C6,47,99.20636127,99.20636127285714,0.20327064128105096,0.3275273612276891,early,0,0
C6,48,99.63167133,99.63167133428571,0.2057756445412115,0.3275273623278175,early,0,0
C6,49,100.0569814,100.05698140000001,0.2082806478266142,0.3275273616677406,early,0,0
C6,50,100.4822915,100.48229147142857,0.2107856511456729,0.32752736122768766,early,0,0
C6,51,100.9076015,100.90760153285714,0.21329065440583345,0.3275273627678704,early,0,0
C6,52,101.3329116,101.33291159999999,0.21579565769965003,0.32752736144771377,early,0,0
C6,53,101.7582217,101.75822167142857,0.2183006610187089,0.32752736144771594,early,0,0
C6,54,102.1835317,102.18353172857144,0.22080566425362733,0.32752736298789437,early,0,0
C6,55,102.6088418,102.60884180000001,0.2233106675726861,0.32752736144771377,early,0,0
C6,56,103.0341519,103.03415187142856,0.2258156708917448,0.32752736144771377,early,0,0
C6,57,103.4594619,103.45946192857141,0.22832067412666315,0.3275273614477145,early,0,0
C6,58,103.884772,103.884772,0.23082567744572202,0.3275273592474541,early,0,0
C6,59,104.3100821,104.31008205714286,0.23333068068064047,0.32752735924745624,early,0,0
C6,60,104.7353921,104.73539211428572,0.2358356839155588,0.31935949697191407,early,0,0
C6,61,105.1607022,105.16070218571429,0.2383406872346176,0.30302377022056415,early,0,0
C6,62,105.5860122,105.53298042857143,0.24053334218595268,0.2785201855941871,early,0,0
C6,63,106.0113223,105.85222685714287,0.2424136488537044,0.24584873869227003,early,0,0
C6,64,106.4366324,106.11844148571429,0.2439816073220131,0.20500942731454744,early,0,1
C6,65,106.4907197,106.3316243,0.24523721750673852,0.16417011813708307,early,0,1
C6,66,106.5448071,106.4917753,0.24618047940788057,0.12366581825248181,early,0,1
C6,67,106.5988945,106.59889448571428,0.24681139302543928,0.10270122322297545,early,0,1
C6,68,106.6529819,106.65515698571429,0.24714276949335398,0.10093539845718895,early,0,1
C6,69,106.7070692,106.78525392857144,0.24790901815650443,0.11801464345883206,early,0,1
C6,70,106.7611566,106.98697170000001,0.24909710120669995,0.15357339173278223,early,0,1
C6,71,106.8304699,107.25801381428572,0.2506934927372599,0.20690011680012205,early,0,1
C6,72,107.4013983,107.59600674285714,0.25268421307229905,0.2584035661290142,early,0,1
C6,73,107.9568315,107.99850585714286,0.25505486376913605,0.30769401657661066,early,0,1
C6,74,108.4961893,108.46300135714286,0.25779066253656135,0.3436845261491193,early,0,1
C6,75,109.0189324,108.98474925714285,0.2608636681129916,0.3666705720791252,early,0,1
C6,76,109.524563,109.48946842857143,0.26383637740100463,0.3769650862568769,early,0,1
C6,77,110.0126251,109.9767038,0.266706110107996,0.3748975773267906,early,0,1
C6,78,110.4827052,110.44604252857143,0.26947043466039894,0.3611482400742182,early,0,1
C6,79,110.9344325,110.89711422857143,0.2721271695499306,0.34711385041799203,early,0,1
C6,80,111.3674791,111.32959124285715,0.27467438493225976,0.33282722522676317,early,0,1
C6,81,111.7815604,111.74318875714286,0.2771104033001299,0.3183212627787694,early,0,1
C6,82,112.1764343,112.13766477142858,0.2794337993150789,0.3036288789543316,early,0,1
C6,83,112.5519021,112.51282004285713,0.2816433994708767,0.28878291922546534,early,0,1
C6,84,112.9078077,112.8684979,0.28373828099970083,0.2738160970486235,early,0,1
C6,85,113.2440373,113.20458394285716,0.2857177701051873,0.25876092125613587,early,0,1
C6,86,113.5605194,113.52100575714287,0.28758144027962246,0.2436496300484371,early,0,1
C6,87,113.8572241,113.81773241428571,0.28932910935902934,0.22851412938678545,early,0,1
C6,88,114.1341627,114.09477398571428,0.29096083666239364,0.21338594018704904,early,0,1
C6,89,114.391387,114.35218095714286,0.292476919541907,0.19829612571115077,early,0,1
C6,90,114.6289887,114.5900435857143,0.29387788959664873,0.18327524976213133,early,0,1
C6,91,114.8470987,114.80849114285715,0.29516450821314444,0.16835332387792845,early,0,1
C6,92,115.0458861,115.00769114285713,0.2963377620217843,0.15355975452514423,early,0,1
C6,93,115.2255578,115.1878485142857,0.2973988580166796,0.13892329029283593,early,0,1
C6,94,115.386357,115.34920467142857,0.29834921808653586,0.12447199548938818,early,0,1
C6,95,115.5285627,115.49203652857143,0.2991904732089655,0.11023319293577126,early,0,1
C6,96,115.6524886,115.61665557142858,0.2999244579813612,0.0962334287614049,middle,1,1
C6,97,115.7584818,115.7234067142857,0.30055320388966333,0.0824984371999845,middle,1,1
C6,98,115.8469217,115.81266724285715,0.3010789330819709,0.06905310758561478,middle,1,1
C6,99,115.9182194,115.88484565714286,0.30150405155316723,0.05608075672875535,middle,1,1
C6,100,115.9728158,115.94038047142858,0.30183114207712725,0.04391447969661587,middle,1,1
C6,101,116.0111807,115.9807734,0.3020690494932344,0.03287334050232109,middle,1,1
C6,102,116.0338116,116.00853205714286,0.3022325432192163,0.023261894648674827,middle,1,1
C6,103,116.0412323,116.02610532857143,0.302336046771595,0.015369738074932813,middle,1,1
C6,104,116.0412323,116.03587911428573,0.30239361269184667,0.009311768325903812,middle,1,1
C6,105,116.0412323,116.0401722,0.302418898229824,0.005036431124060536,middle,1,1
C6,106,116.0412323,116.0412323,0.3024251420368648,0.0023298282538281208,middle,1,1
C6,107,116.0412323,116.0412323,0.3024251420368648,0.0008244877954570212,middle,1,1
C6,108,116.0412323,116.0412323,0.3024251420368648,0.00016327464777326784,middle,1,1
C6,109,116.0412323,116.0412323,0.3024251420368648,0.0,middle,1,1
C6,110,116.0412323,116.0412323,0.3024251420368648,0.0,middle,1,1
C6,111,116.0412323,116.0412323,0.3024251420368648,0.0,middle,1,1
C6,112,116.0412323,116.0412323,0.3024251420368648,0.0,middle,1,1
C6,113,116.0412323,116.0412323,0.3024251420368648,0.0,middle,1,1
C6,114,116.0412323,116.0412323,0.3024251420368648,0.0,middle,1,1
C6,115,116.0412323,116.0412323,0.3024251420368648,0.0,middle,1,1
C6,116,116.0412323,116.0412323,0.3024251420368648,0.0,middle,1,1
C6,117,116.0412323,116.0412323,0.3024251420368648,0.0,middle,1,1
C6,118,116.0412323,116.0412323,0.3024251420368648,0.0,middle,1,1
C6,119,116.0412323,116.0412323,0.3024251420368648,0.0,middle,1,1
C6,120,116.0412323,116.0412323,0.3024251420368648,0.0,middle,1,1
C6,121,116.0412323,116.0412323,0.3024251420368648,0.0,middle,1,1
C6,122,116.0412323,116.0412323,0.3024251420368648,0.0,middle,1,1
C6,123,116.0412323,116.0412323,0.3024251420368648,0.0,middle,1,1
C6,124,116.0412323,116.0412323,0.3024251420368648,0.0004202737443364831,middle,1,1
C6,125,116.0412323,116.0412323,0.3024251420368648,0.005525102131466906,middle,1,1
C6,126,116.0412323,116.04396102857143,0.3024412137797824,0.015314482961138841,middle,1,1
C6,127,116.0412323,116.07710535714286,0.3026364281860637,0.02978841623334213,middle,1,2
C6,128,116.0412323,116.14066527142859,0.30301078517156854,0.04894690194808402,middle,1,2
C6,129,116.0603334,116.23464077142857,0.3035642847362966,0.07236966856128627,middle,1,2
C6,130,116.2732426,116.35903185714285,0.3042969268802481,0.09579243297423175,middle,1,2
C6,131,116.4861517,116.51383854285714,0.30520871168756347,0.11879492364283492,middle,1,2
C6,132,116.6990608,116.69906081428572,0.30629963907410224,0.13711286186891108,middle,1,2
C6,133,116.9119699,116.91196994285714,0.3075536372969468,0.15074624765244288,middle,1,2
C6,134,117.1248791,117.12487907142858,0.3088076355197915,0.15969507879318215,middle,1,2
C6,135,117.3377882,117.33778819999999,0.310061633742636,0.16395935749138282,middle,1,2
C6,136,117.5506973,117.55069732857143,0.3113156319654807,0.16395935749138574,middle,1,2
C6,137,117.7636065,117.76360645714286,0.3125696301883253,0.16395935749137994,middle,1,2
C6,138,117.9765156,117.9765155857143,0.31382362841116995,0.16395935749138427,middle,1,2
C6,139,118.1894247,118.1894247142857,0.31507762663401445,0.16395935749137994,middle,1,2
C6,140,118.4023338,118.40233384285715,0.3163316248568591,0.16395935749138282,middle,1,2
C6,141,118.615243,118.61524297142856,0.3175856230797036,0.16395935749137994,middle,1,2
C6,142,118.8281521,118.8281521,0.31883962130254834,0.16395935749138427,middle,1,2
C6,143,119.0410612,119.04106122857142,0.3200936195253929,0.16395935749138574,middle,1,2
C6,144,119.2539704,119.25397035714286,0.32134761774823756,0.1639593574913872,middle,1,2
C6,145,119.4668795,119.4668794857143,0.3226016159710823,0.16395935749138427,middle,1,2
C6,146,119.6797886,119.67978861428573,0.32385561419392683,0.16395935749138574,middle,1,2
C6,147,119.8926977,119.89269774285715,0.32510961241677144,0.16395935749138574,middle,1,2
C6,148,120.1056069,120.10560687142858,0.32636361063961605,0.16395935749137994,middle,1,2
C6,149,120.318516,120.31851600000002,0.3276176088624607,0.16395935749138282,middle,1,2
C6,150,120.5314251,120.53142512857143,0.3288716070853052,0.16395935749137994,middle,1,2
C6,151,120.7443343,120.74433425714287,0.3301256053081499,0.16395935749138427,middle,1,2
C6,152,120.9572434,120.95724338571428,0.3313796035309944,0.16395935749137847,middle,1,2
C6,153,121.1701525,121.17015251428573,0.33263360175383916,0.16395935749138282,middle,1,2
C6,154,121.3830616,121.38306164285713,0.3338875999766836,0.16395935749137994,middle,1,2
C6,155,121.5959708,121.59597077142857,0.33514159819952827,0.16395935749138574,middle,1,2
C6,156,121.8088799,121.8088799,0.3363955964223728,0.16456153767991544,middle,1,2
C6,157,122.021789,122.02178902857143,0.33764959464521754,0.16576589365647287,middle,1,2
C6,158,122.2346982,122.23860795714286,0.33892662091897086,0.1675724298215542,middle,1,2
C6,159,122.4476073,122.45933665714287,0.3402266750753522,0.1699811461751754,middle,1,2
C6,160,122.6605164,122.68397515714285,0.3415497572826421,0.17299203831681415,middle,1,2
C6,161,122.9007941,122.91252345714284,0.3428958675408408,0.17600293045845003,middle,1,2
C6,162,123.1410717,123.14498152857144,0.3442650056816676,0.17901382480034558,middle,1,2
C6,163,123.3813494,123.38134939999999,0.34565717187340295,0.18142253895371144,middle,1,2
C6,164,123.6216271,123.62162705714286,0.3470723660319067,0.18322907511879857,middle,1,2
C6,165,123.8619047,123.86190471428571,0.3484875601904105,0.18443343329560555,middle,1,2
C6,166,124.1021824,124.10218238571429,0.34990275443305463,0.18503561128388427,middle,1,2
C6,167,124.34246,124.34246004285714,0.3513179485915584,0.18503561128388135,middle,1,2
C6,168,124.5827377,124.58273770000001,0.3527331427500622,0.1850356112838828,middle,1,2
C6,169,124.8230154,124.82301535714285,0.35414833690856584,0.18503561128388135,middle,1,2
C6,170,125.063293,125.06329301428572,0.35556353106706967,0.1850356112838828,middle,1,2
C6,171,125.3035707,125.30357068571428,0.35697872530971375,0.18503561128388135,middle,1,2
C6,172,125.5438483,125.54384834285715,0.3583939194682176,0.1850356134841425,middle,1,2
C6,173,125.784126,125.784126,0.3598091136267213,0.18503561348414105,middle,1,2
C6,174,126.0244037,126.02440367142857,0.36122430786936544,0.1850356134841425,middle,1,2
C6,175,126.2646813,126.26468132857143,0.3626395020278692,0.1850356134841396,middle,1,2
C6,176,126.504959,126.504959,0.36405469627051334,0.18503561348414105,middle,1,2
C6,177,126.7452367,126.74523665714285,0.36546989042901706,0.18503561348414105,middle,1,2
C6,178,126.9855143,126.98551431428571,0.36688508458752084,0.1850356134841396,middle,1,2
C6,179,127.225792,127.22579198571428,0.368300278830165,0.18503561128388135,middle,1,2
C6,180,127.4660696,127.46606964285714,0.3697154729886687,0.18503561128388427,middle,1,2
C6,181,127.7063473,127.70634729999999,0.37113066714717247,0.18503561128387847,middle,1,2
C6,182,127.946625,127.94662495714286,0.3725458613056763,0.1850356112838828,middle,1,2
C6,183,128.1869026,128.18690261428569,0.37396105546417985,0.1850356112838799,middle,1,2
C6,184,128.4271803,128.4271802857143,0.37537624970682415,0.1850356112838828,middle,1,2
C6,185,128.6674579,128.6674579428571,0.37679144386532776,0.1850356112838799,middle,1,2
C6,186,128.9077356,128.9077356,0.37820663802383164,0.1850356112838857,middle,1,2
C6,187,129.1480133,129.14801325714285,0.37962183218233536,0.18503561128388135,middle,1,2
C6,188,129.3882909,129.3882909142857,0.38103702634083914,0.1947915327691723,middle,1,2
C6,189,129.6285686,129.62856858571428,0.38245222058348327,0.21430337573973823,middle,1,2
C6,190,129.8688462,129.93218891428572,0.3842404922043516,0.24357114239585048,middle,1,3
C6,191,130.1091239,130.29915191428572,0.38640184128758426,0.2825948283369896,middle,1,3
C6,192,130.3494016,130.7294576,0.3889362679173217,0.3313744357634168,middle,1,3
C6,193,131.0330779,131.22310594285713,0.39184377192528336,0.3801540453900935,middle,1,3
C6,194,131.7167543,131.78009697142858,0.39512435347974995,0.4289336550167804,middle,1,3
C6,195,132.4004307,132.40043067142855,0.39877801249658074,0.46795734095792096,middle,1,3
C6,196,133.084107,133.08410704285714,0.4028047489757763,0.4972251076140361,middle,1,3
C6,197,133.7677834,133.7677834142857,0.40683148545497166,0.516736950584602,middle,1,3
C6,198,134.4514598,134.4514597857143,0.41085822193416716,0.5264928720698944,middle,1,3
C6,199,135.1351362,135.13513615714285,0.41488495841336254,0.5264928720698886,middle,1,3
C6,200,135.8188125,135.81881252857144,0.4189116948925581,0.526492872069893,middle,1,3
C6,201,136.5024889,136.5024889,0.4229384313717534,0.5264928698696304,middle,1,3
C6,202,137.1861653,137.1861652714286,0.42696516785094896,0.526492869869629,middle,1,3
C6,203,137.8698416,137.86984162857144,0.4309919042460039,0.5264928698696246,middle,1,3
C6,204,138.553518,138.553518,0.43501864072519925,0.5264928676693708,middle,1,3
C6,205,139.2371944,139.23719437142856,0.4390453772043946,0.5264928676693663,middle,1,3
C6,206,139.9208707,139.92087072857143,0.44307211359944976,0.526492869869629,middle,1,3
C6,207,140.6045471,140.6045471,0.44709885007864514,0.5264928698696304,middle,1,3
C6,208,141.2882235,141.28822347142858,0.45112558655784063,0.5264928698696347,middle,1,3
C6,209,141.9718998,141.97189984285714,0.455152323037036,0.5264928720698886,middle,1,3
C6,210,142.6555762,142.65557621428573,0.45917905951623156,0.5264928720698886,middle,1,3
C6,211,143.3392526,143.3392525857143,0.4632057959954269,0.52649287206989,middle,1,3
C6,212,144.022929,144.02292895714285,0.46723253247462226,0.52649287206989,middle,1,3
C6,213,144.7066053,144.70660532857144,0.4712592689538178,0.5264928720698843,middle,1,3
C6,214,145.3902817,145.3902817,0.4752860054330132,0.5264928698696304,middle,1,3
C6,215,146.0739581,146.07395807142856,0.4793127419122085,0.5264928698696347,middle,1,3
C6,216,146.7576344,146.75763442857144,0.48333947830726365,0.5264928698696246,middle,1,3
C6,217,147.4413108,147.44131080000002,0.4873662147864592,0.5264928676693693,middle,1,3
C6,218,148.1249872,148.12498717142856,0.49139295126565435,0.5264928676693708,middle,1,3
C6,219,148.8086635,148.80866352857143,0.4954196876607095,0.5264928698696304,middle,1,3
C6,220,149.4923399,149.4923399,0.49944642413990487,0.5400216443209606,middle,1,3
C6,221,150.1760163,150.17601627142858,0.5034731606191004,0.5670791954238993,middle,1,3
C6,222,150.8596926,150.94753147142856,0.5080172527216286,0.607665523178428,middle,1,3
C6,223,151.543369,151.8068855142857,0.5130787005316301,0.6617806231840329,middle,1,3
C6,224,152.2270454,152.7540783857143,0.5186575039649646,0.729424497640968,middle,1,3
C6,225,153.5255936,153.7891100857143,0.5247536630216317,0.7970683720979131,late,2,3
C6,226,154.8241418,154.9119806142857,0.5313671777016317,0.8647122443546,late,2,3
C6,227,156.12269,156.12268997142857,0.5384980480049646,0.9188273421599381,late,2,3
C6,228,157.4212382,157.42123815714288,0.5461462739316305,0.9594136655139474,late,2,3
C6,229,158.7197863,158.71978634285713,0.5537944998582961,0.9864712144166309,late,2,3
C6,230,160.0183345,160.01833452857142,0.5614427257849618,0.9999999888679595,late,2,3
C6,231,161.3168827,161.31688271428575,0.5690909517116278,0.9999999910682148,late,2,3
C6,232,162.6154309,162.6154309,0.5767391776382933,0.9999999932684789,late,2,3
C6,233,163.9139791,163.9139791,0.5843874036490995,0.9999999954687371,late,2,3
C6,234,165.2125273,165.2125273,0.5920356296599056,0.9999999976689895,late,2,3
C6,235,166.5110755,166.5110755,0.5996838556707117,0.9999999998692507,late,2,3
C6,236,167.8096237,167.8096237,0.6073320816815179,0.9999999976689983,late,2,3
C6,237,169.1081719,169.10817189999997,0.6149803076923238,0.9999999954687342,late,2,3
C6,238,170.4067201,170.4067200857143,0.6226285336189898,0.9999999932684818,late,2,3
C6,239,171.7052683,171.70526827142857,0.6302767595456554,0.9999999910682207,late,2,3
C6,240,173.0038165,173.00381645714288,0.6379249854723213,0.9999999888679653,late,2,3
C6,241,174.3023646,174.30236464285716,0.645573211398987,0.9999999888679507,late,2,3
C6,242,175.6009128,175.60091282857144,0.6532214373256527,0.9999999888679653,late,2,3
C6,243,176.899461,176.8994610142857,0.6608696632523182,0.9999999910682148,late,2,3
C6,244,178.1980092,178.19800920000003,0.6685178891789844,0.999999993268473,late,2,3
C6,245,179.4965574,179.4965574,0.6761661151897903,0.9999999954687342,late,2,3
C6,246,180.7951056,180.7951056,0.6838143412005964,0.9999999976690012,late,2,3
C6,247,182.0936538,182.0936538,0.6914625672114025,0.9999999998692449,late,2,3
C6,248,183.392202,183.392202,0.6991107932222087,0.9999999976689983,late,2,3
C6,249,184.6907502,184.69075019999997,0.7067590192330147,0.9999999954687371,late,2,3
C6,250,185.9892984,185.9892983857143,0.7144072451596807,0.999999993268476,late,2,3
C6,251,187.2878466,187.28784657142856,0.7220554710863463,0.9999999910682178,late,2,3
C6,252,188.5863948,188.58639475714284,0.729703697013012,0.9966354952417077,late,2,3
C6,253,189.8849429,189.88494294285715,0.7373519229396778,0.9899065079891897,late,2,4
C6,254,191.1834911,191.16164634285715,0.7448714868279991,0.9798130271104197,late,2,4
C6,255,192.4820393,192.41650495714288,0.752262388677976,0.9663550548056592,late,2,4
C6,256,193.7805875,193.64951878571426,0.7595246284896082,0.9495325910749052,late,2,4
C6,257,194.9262222,194.86068784285712,0.7666582063470367,0.9327101273441424,late,2,4
C6,258,196.0718569,196.05001212857147,0.7736631222502615,0.9158876636133767,late,2,4
C6,259,197.2174916,197.21749162857145,0.7805393761151413,0.9024296935088802,late,2,4
C6,260,198.3631263,198.36312634285713,0.7872869679416767,0.8923362148303686,late,2,4
C6,261,199.5087611,199.50876105714286,0.7940345597682124,0.8856072275778534,late,2,4
C6,262,200.6543958,200.65439577142857,0.8007821515947479,0.8822427339515928,late,2,4
C6,263,201.8000305,201.8000304857143,0.8075297434212836,0.8822427317513405,late,2,4
C6,264,202.9456652,202.94566519999998,0.8142773352478189,0.8822427295510793,late,2,4
C6,265,204.0912999,204.0912999,0.8210249269902141,0.8822427273508269,late,2,4
C6,266,205.2369346,205.23693459999998,0.8277725187326093,0.882242725150557,late,2,4
C6,267,206.3825693,206.38256930000003,0.8345201104750046,0.8822427229503075,late,2,4
C6,268,207.528204,207.528204,0.8412677022173995,0.8822427229503075,late,2,4
C6,269,208.6738387,208.6738387,0.8480152939597948,0.8822427229503046,late,2,4
C6,270,209.8194734,209.81947340000002,0.8547628857021901,0.8822427229503017,late,2,4
C6,271,210.9651081,210.9651081,0.8615104774445851,0.8822427229503075,late,2,4
C6,272,212.1107428,212.11074280000003,0.8682580691869803,0.882242725150557,late,2,4
C6,273,213.2563775,213.2563775,0.8750056609293755,0.8822427273508182,late,2,4
C6,274,214.4020122,214.4020122142857,0.8817532527559108,0.8822427295510793,late,2,4
C6,275,215.5476469,215.54764692857142,0.8885008445824465,0.8822427317513347,late,2,4
C6,276,216.6932816,216.69328164285713,0.895248436408982,0.8822427339515958,late,2,4
C6,277,217.8389164,217.83891635714284,0.9019960282355175,0.8822427339516016,late,2,4
C6,278,218.9845511,218.98455107142857,0.9087436200620531,0.8822427339516016,late,2,4
C6,279,220.1301858,220.13018578571427,0.9154912118885886,0.8822427317513463,late,2,4
C6,280,221.2758205,221.2758205,0.9222388037151243,0.8822427295510822,late,2,4
C6,281,222.4214552,222.42145520000003,0.9289863954575196,0.882242727350824,late,2,4
C6,282,223.5670899,223.56708989999998,0.9357339871999145,0.8822427251505686,late,2,4
C6,283,224.7127246,224.7127246,0.9424815789423098,0.8822427229502987,late,2,4
C6,284,225.8583593,225.85835930000002,0.949229170684705,0.860519573097897,late,2,4
C6,285,227.003994,227.00399399999998,0.9559767624271,0.8170732733930932,late,2,4
C6,286,228.1496287,228.00858591428573,0.9618936363706977,0.751903823835879,late,2,4
C6,287,229.2952634,228.87213504285714,0.9669797925154976,0.6650112244262628,late,2,4
C6,288,230.4408981,229.59464138571428,0.9712352308615,0.5563954751642536,late,2,4
C6,289,230.5992333,230.17610494285714,0.9746599514087049,0.44777972590222676,late,2,4
C6,290,230.7575685,230.61652571428573,0.9772539541571122,0.3391639766402146,late,2,4
C6,291,230.9159037,230.9159037,0.9790172391067218,0.25227137723059556,late,2,4
C6,292,231.0742389,231.0742389,0.979949806257534,0.1871019276733871,late,2,4
C6,293,231.2325741,231.2325741,0.9808823734083459,0.14365562796857467,late,2,4
C6,294,231.3909093,231.3909093,0.9818149405591582,0.12193247811617572,late,2,4
C6,295,231.5492445,231.5492445,0.9827475077099702,0.12193247811616992,late,2,4
C6,296,231.7075797,231.7075797,0.9836800748607823,0.12193247811617572,late,2,4
C6,297,231.8659149,231.86591489999998,0.9846126420115944,0.12193247811617282,late,2,4
C6,298,232.0242501,232.0242501,0.9855452091624065,0.12193247811617863,late,2,4
C6,299,232.1825853,232.1825853,0.9864777763132186,0.12193247811617282,late,2,4
C6,300,232.3409205,232.3409205,0.9874103434640309,0.12193247811618153,late,2,4
C6,301,232.4992557,232.4992557,0.9883429106148428,0.12193247811617863,late,2,4
C6,302,232.6575909,232.65759090000003,0.9892754777656552,0.12193247811617863,late,2,4
C6,303,232.8159261,232.8159261,0.9902080449164672,0.12193247811617282,late,2,4
C6,304,232.9742613,232.97426130000002,0.9911406120672793,0.12193247811617863,late,2,4
C6,305,233.1325965,233.1325965,0.9920731792180913,0.12193247811616702,late,2,4
C6,306,233.2909317,233.29093170000002,0.9930057463689035,0.12193247811616992,late,2,4
C6,307,233.4492669,233.44926689999997,0.9939383135197154,0.12193247811616992,late,2,4
C6,308,233.6076021,233.60760209999998,0.9948708806705275,0.12193247811617572,late,2,4
C6,309,233.7659373,233.7659373,0.9958034478213397,0.12193247811616992,late,2,4
C6,310,233.9242725,233.9242725,0.9967360149721519,0.12193247811617863,late,2,4
C6,311,234.0826077,234.08260769999998,0.9976685821229638,0.1097392303045564,late,2,4
C6,312,234.2409429,234.2409429,0.9986011492737761,0.0975459824929429,late,2,4
C6,313,234.3992781,234.32011049999997,0.999067432849182,0.08535273468131778,late,2,4
C6,314,234.5576133,234.3992781,0.9995337164245882,0.07620779882260983,late,2,4
C6,315,234.7159485,234.47844569999998,0.9999999999999941,0.06096623905808206,late,2,4
