method,output_file,source_file,n_rows
rf,final_statistical_evidence\predictions_common_universe\D1_rf_304runs.csv,补充材料\小论文\4_comparison_experiment_recheck\1_results\FINAL_comparison_predictions.csv,304
tcn_gru,final_statistical_evidence\predictions_common_universe\D1_tcn_gru_304runs.csv,补充材料\小论文\4_comparison_experiment_recheck\1_results\FINAL_comparison_predictions.csv,304
multitask_tcn_gru,final_statistical_evidence\predictions_common_universe\D1_multitask_tcn_gru_304runs.csv,补充材料\小论文\4_comparison_experiment_recheck\1_results\FINAL_comparison_predictions.csv,304
dc_psr,final_statistical_evidence\predictions_common_universe\D1_dc_psr_304runs.csv,补充材料\小论文\4_comparison_experiment_recheck\1_results\FINAL_comparison_predictions.csv,304
htt_net,final_statistical_evidence\predictions_common_universe\D1_htt_net_304runs.csv,outputs\htt_net\D1_C1C4_to_C6_SOURCE_ONLY_TUNED\test_predictions.csv,304
multi_source_attention,final_statistical_evidence\predictions_common_universe\D1_multi_source_attention_304runs.csv,outputs\multi_source_attention\unified_protocol\test_predictions.csv,304
mtf_avitk,final_statistical_evidence\predictions_common_universe\D1_mtf_avitk_304runs.csv,outputs\mtf_avitk\seed_sweep\seed42\unified_protocol\test_predictions.csv,304
dynamic_gin_tgp,final_statistical_evidence\predictions_common_universe\D1_dynamic_gin_tgp_304runs.csv,outputs\dynamic_gin_tgp\unified_protocol\seed42\run_predictions.csv,304
dp2net_adapted,final_statistical_evidence\predictions_common_universe\D1_dp2net_adapted_304runs.csv,outputs\dp2net\unified_protocol_B-D1\seed42\predictions.csv,304
