condition,run_id_end,true_stage,pred_B1,prob_E_B1,prob_M_B1,prob_L_B1,pred_B2,prob_E_B2,prob_M_B2,prob_L_B2,pred_B3,prob_E_B3,prob_M_B3,prob_L_B3,pred_B4,prob_E_B4,prob_M_B4,prob_L_B4,pred_B5,prob_E_B5,prob_M_B5,prob_L_B5,pred_B6,prob_E_B6,prob_M_B6,prob_L_B6,pred_B7,prob_E_B7,prob_M_B7,prob_L_B7,pred_B8,prob_E_B8,prob_M_B8,prob_L_B8,pred_B9,prob_E_B9,prob_M_B9,prob_L_B9,pred_B10,prob_E_B10,prob_M_B10,prob_L_B10,pred_B11,prob_E_B11,prob_M_B11,prob_L_B11,pred_B12,prob_E_B12,prob_M_B12,prob_L_B12
C6,12,early,early,1.0,0.0,0.0,early,1.0,0.0,0.0,early,0.96,0.04,0.0,early,0.837,0.1594,0.0036,early,0.8725,0.1175,0.01,early,0.967,0.0307,0.0023,early,0.6724,0.3206,0.007,early,0.9999,1e-04,0.0,early,0.9998,1e-04,1e-04,early,0.9998,1e-04,0.0,early,0.9941,0.0045,0.0014,early,0.8912,0.1057,0.003
C6,13,early,early,1.0,0.0,0.0,early,1.0,0.0,0.0,early,0.74,0.24,0.02,early,0.8664,0.13,0.0035,early,0.6725,0.3025,0.025,early,0.933,0.0631,0.0039,early,0.8655,0.1228,0.0117,early,0.9993,0.0005,0.0002,early,0.9997,0.0002,1e-04,early,0.9997,0.0002,0.0,early,0.9934,0.0051,0.0015,early,0.8906,0.1061,0.0032
C6,14,early,early,1.0,0.0,0.0,early,1.0,0.0,0.0,early,0.8433,0.15,0.0067,early,0.8928,0.1028,0.0045,early,0.7125,0.2775,0.01,early,0.9591,0.0383,0.0026,early,0.7471,0.2377,0.0152,early,0.9995,0.0004,1e-04,early,0.9998,1e-04,1e-04,early,0.9998,0.0002,0.0,early,0.9917,0.0066,0.0017,early,0.8869,0.1097,0.0034
C6,15,early,early,1.0,0.0,0.0,early,1.0,0.0,0.0,early,0.91,0.0867,0.0033,early,0.8977,0.0981,0.0041,early,0.695,0.2875,0.0175,early,0.9587,0.0387,0.0026,early,0.7149,0.2769,0.0082,early,0.9989,0.0009,0.0002,early,0.9998,1e-04,1e-04,early,0.9998,0.0002,0.0,early,0.9901,0.0081,0.0018,early,0.8843,0.1121,0.0036
C6,16,early,early,1.0,0.0,0.0,early,1.0,0.0,0.0,early,0.9367,0.06,0.0033,early,0.9218,0.0743,0.004,early,0.745,0.24,0.015,early,0.9633,0.0344,0.0022,early,0.7805,0.2134,0.0061,early,0.9991,0.0008,1e-04,early,0.9998,1e-04,1e-04,early,0.9998,0.0002,0.0,early,0.9888,0.0093,0.0019,early,0.8823,0.114,0.0037
C6,17,early,early,1.0,0.0,0.0,early,1.0,0.0,0.0,early,0.9333,0.0633,0.0033,early,0.9439,0.0536,0.0025,early,0.86,0.1325,0.0075,early,0.9681,0.0297,0.0022,early,0.8633,0.1326,0.0041,early,0.9961,0.0035,0.0004,early,0.9998,1e-04,1e-04,early,0.9997,0.0002,0.0,early,0.9896,0.0086,0.0018,early,0.8829,0.1135,0.0036
C6,18,early,early,1.0,0.0,0.0,early,1.0,0.0,0.0,early,0.9333,0.0633,0.0033,early,0.9406,0.0566,0.0028,early,0.88,0.115,0.005,early,0.9859,0.0119,0.0022,early,0.8524,0.1437,0.004,early,0.9971,0.0027,0.0003,early,0.9998,1e-04,1e-04,early,0.9998,0.0002,0.0,early,0.987,0.011,0.002,early,0.879,0.1172,0.0038
C6,19,early,early,1.0,0.0,0.0,early,1.0,0.0,0.0,early,0.7867,0.1967,0.0167,early,0.8589,0.1321,0.009,early,0.72,0.2225,0.0575,early,0.953,0.0354,0.0117,early,0.838,0.128,0.034,early,0.9907,0.0087,0.0006,early,0.9996,0.0003,1e-04,early,0.9996,0.0004,0.0,early,0.9859,0.012,0.0021,early,0.8773,0.1188,0.0039
C6,20,early,early,1.0,0.0,0.0,early,1.0,0.0,0.0,early,0.83,0.1633,0.0067,early,0.9244,0.0716,0.004,early,0.7575,0.21,0.0325,early,0.9511,0.0372,0.0117,early,0.9355,0.0535,0.0109,early,0.9963,0.0033,0.0004,early,0.9989,0.0008,0.0003,early,0.9996,0.0003,0.0,early,0.9876,0.0104,0.0019,early,0.8797,0.1165,0.0037
C6,21,early,early,1.0,0.0,0.0,early,1.0,0.0,0.0,early,0.9567,0.0333,0.01,early,0.9795,0.018,0.0025,early,0.8825,0.0975,0.02,early,0.9836,0.0129,0.0035,early,0.9764,0.0216,0.002,early,0.9985,0.0012,0.0003,early,0.9997,0.0002,1e-04,early,0.9997,0.0003,0.0,early,0.9924,0.0061,0.0015,early,0.8883,0.1085,0.0032
C6,22,early,early,1.0,0.0,0.0,early,1.0,0.0,0.0,early,0.9667,0.0267,0.0067,early,0.9896,0.0075,0.0029,early,0.96,0.0375,0.0025,early,0.9895,0.0085,0.002,early,0.9795,0.0182,0.0023,early,0.9995,0.0004,1e-04,early,0.9999,1e-04,0.0,early,0.9998,0.0002,0.0,early,0.9932,0.0054,0.0014,early,0.8894,0.1076,0.003
C6,23,early,early,1.0,0.0,0.0,early,1.0,0.0,0.0,early,0.9733,0.0233,0.0033,early,0.9907,0.0068,0.0024,early,0.965,0.0325,0.0025,early,0.9893,0.0087,0.002,early,0.9821,0.0164,0.0015,early,0.9996,0.0003,1e-04,early,0.9999,1e-04,0.0,early,0.9998,0.0002,0.0,early,0.9944,0.0043,0.0013,early,0.8922,0.1049,0.0029
C6,24,early,early,1.0,0.0,0.0,early,1.0,0.0,0.0,early,0.9667,0.0233,0.01,early,0.9912,0.0063,0.0025,early,0.965,0.03,0.005,early,0.9903,0.0079,0.0019,early,0.9869,0.012,0.0011,early,0.9998,1e-04,1e-04,early,0.9999,0.0,0.0,early,0.9998,0.0002,0.0,early,0.9951,0.0037,0.0012,early,0.8943,0.1029,0.0028
C6,25,early,early,1.0,0.0,0.0,early,1.0,0.0,0.0,early,0.9533,0.0367,0.01,early,0.9913,0.0061,0.0026,early,0.9575,0.0375,0.005,early,0.9872,0.0108,0.002,early,0.9856,0.013,0.0014,early,0.9998,1e-04,1e-04,early,0.9999,0.0,0.0,early,0.9998,0.0002,0.0,early,0.9956,0.0032,0.0012,early,0.8961,0.1011,0.0028
C6,26,early,early,1.0,0.0,0.0,early,1.0,0.0,0.0,early,0.97,0.02,0.01,early,0.9908,0.0066,0.0026,early,0.9575,0.0325,0.01,early,0.9899,0.0081,0.002,early,0.9869,0.0115,0.0016,early,0.9999,0.0,0.0,early,0.9999,0.0,0.0,early,0.9998,1e-04,0.0,early,0.9958,0.003,0.0012,early,0.8969,0.1003,0.0028
C6,27,early,early,1.0,0.0,0.0,early,1.0,0.0,0.0,early,0.9767,0.02,0.0033,early,0.9917,0.005,0.0033,early,0.9575,0.03,0.0125,early,0.9901,0.0078,0.002,early,0.99,0.0086,0.0014,early,0.9999,0.0,0.0,early,0.9999,0.0,0.0,early,0.9998,1e-04,0.0,early,0.996,0.0027,0.0012,early,0.8971,0.1001,0.0028
C6,28,early,early,1.0,0.0,0.0,early,1.0,0.0,0.0,early,0.9733,0.02,0.0067,early,0.9939,0.0033,0.0027,early,0.955,0.03,0.015,early,0.9901,0.0078,0.002,early,0.9917,0.007,0.0013,early,1.0,0.0,0.0,early,0.9999,0.0,0.0,early,0.9998,1e-04,0.0,early,0.9961,0.0026,0.0012,early,0.8972,0.1,0.0028
C6,29,early,early,1.0,0.0,0.0,early,1.0,0.0,0.0,early,0.9867,0.01,0.0033,early,0.9952,0.0024,0.0024,early,0.97,0.025,0.005,early,0.9902,0.0075,0.0023,early,0.995,0.0042,0.0008,early,1.0,0.0,0.0,early,1.0,0.0,0.0,early,0.9998,1e-04,0.0,early,0.9963,0.0025,0.0012,early,0.8971,0.1001,0.0029
C6,30,early,early,1.0,0.0,0.0,early,1.0,0.0,0.0,early,0.97,0.02,0.01,early,0.995,0.0024,0.0026,early,0.9625,0.03,0.0075,early,0.9885,0.0095,0.002,early,0.9953,0.004,0.0006,early,1.0,0.0,0.0,early,1.0,0.0,0.0,early,0.9999,1e-04,0.0,early,0.9963,0.0024,0.0012,early,0.897,0.1001,0.0028
C6,31,early,early,1.0,0.0,0.0,early,1.0,0.0,0.0,early,0.9467,0.0467,0.0067,early,0.9658,0.03,0.0042,early,0.9025,0.0575,0.04,early,0.9825,0.0091,0.0084,early,0.9336,0.0579,0.0085,early,1.0,0.0,0.0,early,1.0,0.0,0.0,early,0.9999,1e-04,0.0,early,0.9963,0.0024,0.0012,early,0.8977,0.0995,0.0028
C6,32,early,early,1.0,0.0,0.0,early,1.0,0.0,0.0,early,0.9767,0.02,0.0033,early,0.9788,0.019,0.0022,early,0.9175,0.05,0.0325,early,0.9819,0.0094,0.0087,early,0.9286,0.0634,0.008,early,1.0,0.0,0.0,early,0.9999,0.0,0.0,early,0.9999,1e-04,0.0,early,0.9963,0.0025,0.0012,early,0.8978,0.0994,0.0028
C6,33,early,early,1.0,0.0,0.0,early,1.0,0.0,0.0,early,0.9233,0.06,0.0167,early,0.9794,0.0126,0.008,early,0.8475,0.1025,0.05,early,0.9856,0.008,0.0064,early,0.9964,0.0025,0.0011,early,1.0,0.0,0.0,early,0.9999,0.0,0.0,early,0.9999,1e-04,0.0,early,0.9963,0.0024,0.0013,early,0.8967,0.1003,0.003
C6,34,early,early,1.0,0.0,0.0,early,1.0,0.0,0.0,early,0.87,0.1033,0.0267,early,0.9938,0.0024,0.0038,early,0.7675,0.16,0.0725,early,0.9869,0.0053,0.0078,early,0.9984,0.001,0.0005,early,1.0,0.0,0.0,early,0.9999,0.0,0.0,early,0.9999,1e-04,0.0,early,0.9964,0.0024,0.0012,early,0.8973,0.0999,0.0029
C6,35,early,early,1.0,0.0,0.0,early,1.0,0.0,0.0,early,0.88,0.0933,0.0267,early,0.9944,0.0018,0.0038,early,0.7725,0.155,0.0725,early,0.9864,0.0056,0.008,early,0.9983,0.0012,0.0006,early,1.0,0.0,0.0,early,1.0,0.0,0.0,early,0.9999,1e-04,0.0,early,0.9964,0.0023,0.0013,early,0.8965,0.1006,0.0029
C6,36,early,early,1.0,0.0,0.0,early,1.0,0.0,0.0,early,0.9667,0.0267,0.0067,early,0.9953,0.0018,0.0029,early,0.9025,0.065,0.0325,early,0.9922,0.0054,0.0024,early,0.998,0.0015,0.0005,early,1.0,0.0,0.0,early,1.0,0.0,0.0,early,0.9999,1e-04,0.0,early,0.9965,0.0022,0.0013,early,0.8964,0.1007,0.0029
C6,37,early,middle,0.0,1.0,0.0,early,1.0,0.0,0.0,early,0.9667,0.0267,0.0067,early,0.9951,0.0022,0.0028,early,0.8975,0.0675,0.035,early,0.9922,0.0054,0.0024,early,0.9972,0.0022,0.0006,early,1.0,0.0,0.0,early,1.0,0.0,0.0,early,0.9999,1e-04,0.0,early,0.9965,0.0022,0.0013,early,0.8955,0.1015,0.003
C6,38,early,middle,0.0,1.0,0.0,early,1.0,0.0,0.0,early,0.96,0.0333,0.0067,early,0.9954,0.0021,0.0025,early,0.9075,0.0675,0.025,early,0.9924,0.0052,0.0024,early,0.9973,0.0023,0.0005,early,1.0,0.0,0.0,early,1.0,0.0,0.0,early,0.9999,1e-04,0.0,early,0.9965,0.0022,0.0013,early,0.8963,0.1008,0.0029
C6,39,early,middle,0.0,1.0,0.0,early,1.0,0.0,0.0,early,0.97,0.0233,0.0067,early,0.996,0.0016,0.0023,early,0.8925,0.0775,0.03,early,0.993,0.0046,0.0024,early,0.9977,0.0019,0.0004,early,1.0,0.0,0.0,early,1.0,0.0,0.0,early,0.9999,1e-04,0.0,early,0.9966,0.0022,0.0013,early,0.8958,0.1013,0.0029
C6,40,early,middle,0.0,1.0,0.0,early,1.0,0.0,0.0,early,0.9667,0.0267,0.0067,early,0.996,0.0014,0.0026,early,0.895,0.075,0.03,early,0.993,0.0046,0.0024,early,0.9976,0.0018,0.0006,early,1.0,0.0,0.0,early,1.0,0.0,0.0,early,0.9999,1e-04,0.0,early,0.9966,0.0022,0.0013,early,0.8959,0.1012,0.0029
C6,41,early,middle,0.0,1.0,0.0,early,1.0,0.0,0.0,early,0.9667,0.0267,0.0067,early,0.9966,0.0014,0.002,early,0.9125,0.0675,0.02,early,0.993,0.0046,0.0024,early,0.9975,0.0021,0.0004,early,1.0,0.0,0.0,early,1.0,0.0,0.0,early,0.9999,1e-04,0.0,early,0.9966,0.0021,0.0013,early,0.8957,0.1013,0.0029
C6,42,early,middle,0.0,1.0,0.0,early,1.0,0.0,0.0,early,0.9633,0.03,0.0067,early,0.9957,0.0019,0.0024,early,0.8975,0.08,0.0225,early,0.9929,0.0047,0.0024,early,0.9965,0.0029,0.0006,early,1.0,0.0,0.0,early,1.0,0.0,0.0,early,0.9999,1e-04,0.0,early,0.9966,0.0022,0.0013,early,0.896,0.1011,0.0029
C6,43,early,middle,0.0,1.0,0.0,early,1.0,0.0,0.0,early,0.9633,0.03,0.0067,early,0.9953,0.0022,0.0025,early,0.8925,0.08,0.0275,early,0.993,0.0046,0.0024,early,0.9964,0.0029,0.0007,early,1.0,0.0,0.0,early,1.0,0.0,0.0,early,0.9999,1e-04,0.0,early,0.9966,0.0022,0.0013,early,0.896,0.1011,0.0029
C6,44,early,middle,0.0,1.0,0.0,early,1.0,0.0,0.0,early,0.9633,0.03,0.0067,early,0.9956,0.0019,0.0025,early,0.9,0.0775,0.0225,early,0.9928,0.0048,0.0024,early,0.9972,0.0023,0.0005,early,1.0,0.0,0.0,early,1.0,0.0,0.0,early,0.9999,1e-04,0.0,early,0.9965,0.0022,0.0013,early,0.8962,0.1009,0.0029
C6,45,early,middle,0.0,1.0,0.0,early,1.0,0.0,0.0,early,0.9,0.09,0.01,early,0.9944,0.0028,0.0028,early,0.8725,0.1,0.0275,early,0.9928,0.0048,0.0024,early,0.9958,0.0036,0.0007,early,1.0,0.0,0.0,early,1.0,0.0,0.0,early,0.9999,1e-04,0.0,early,0.9965,0.0022,0.0013,early,0.8965,0.1006,0.0029
C6,46,early,middle,0.0,1.0,0.0,early,1.0,0.0,0.0,early,0.9633,0.03,0.0067,early,0.9951,0.0026,0.0023,early,0.89,0.0825,0.0275,early,0.9929,0.0046,0.0025,early,0.9966,0.0028,0.0006,early,1.0,0.0,0.0,early,1.0,0.0,0.0,early,0.9999,1e-04,0.0,early,0.9965,0.0022,0.0013,early,0.8965,0.1006,0.0029
C6,47,early,middle,0.0,1.0,0.0,early,1.0,0.0,0.0,early,0.9367,0.06,0.0033,early,0.9818,0.0128,0.0054,early,0.88,0.0575,0.0625,early,0.983,0.0077,0.0094,early,0.9922,0.0053,0.0025,early,1.0,0.0,0.0,early,1.0,0.0,0.0,early,0.9999,1e-04,0.0,early,0.9965,0.0022,0.0012,early,0.8969,0.1003,0.0029
C6,48,early,middle,0.0,1.0,0.0,early,1.0,0.0,0.0,early,0.94,0.0533,0.0067,early,0.9953,0.0022,0.0025,early,0.83,0.1375,0.0325,early,0.9913,0.0058,0.0028,early,0.9965,0.0028,0.0006,early,1.0,0.0,0.0,early,1.0,0.0,0.0,early,0.9999,1e-04,0.0,early,0.9965,0.0023,0.0013,early,0.8965,0.1005,0.0029
C6,49,early,middle,0.0,1.0,0.0,early,1.0,0.0,0.0,early,0.96,0.0333,0.0067,early,0.9952,0.0021,0.0027,early,0.8725,0.09,0.0375,early,0.9922,0.0049,0.0028,early,0.9951,0.0039,0.001,early,1.0,0.0,0.0,early,1.0,0.0,0.0,early,0.9999,1e-04,0.0,early,0.9965,0.0023,0.0013,early,0.8965,0.1006,0.0029
C6,50,early,middle,0.0,1.0,0.0,early,1.0,0.0,0.0,early,0.9633,0.03,0.0067,early,0.995,0.002,0.003,early,0.8675,0.095,0.0375,early,0.9921,0.005,0.0029,early,0.9952,0.0036,0.0012,early,1.0,0.0,0.0,early,1.0,0.0,0.0,early,0.9999,1e-04,0.0,early,0.9964,0.0023,0.0013,early,0.8961,0.1009,0.003
C6,51,early,middle,0.0,1.0,0.0,early,1.0,0.0,0.0,early,0.9633,0.03,0.0067,early,0.996,0.0016,0.0024,early,0.89,0.0825,0.0275,early,0.9919,0.0051,0.003,early,0.9944,0.0045,0.0012,early,1.0,0.0,0.0,early,1.0,0.0,0.0,early,0.9999,1e-04,0.0,early,0.9964,0.0023,0.0013,early,0.8958,0.1012,0.003
C6,52,early,middle,0.0,1.0,0.0,early,1.0,0.0,0.0,early,0.9667,0.0267,0.0067,early,0.9953,0.0019,0.0028,early,0.8825,0.085,0.0325,early,0.9921,0.005,0.0029,early,0.9948,0.0041,0.0011,early,1.0,0.0,0.0,early,1.0,0.0,0.0,early,0.9999,1e-04,0.0,early,0.9964,0.0023,0.0013,early,0.8957,0.1013,0.003
C6,53,early,middle,0.0,1.0,0.0,early,1.0,0.0,0.0,early,0.9667,0.0267,0.0067,early,0.993,0.0034,0.0036,early,0.8725,0.0925,0.035,early,0.9914,0.0055,0.0032,early,0.9917,0.0059,0.0024,early,1.0,0.0,0.0,early,0.9999,0.0,0.0,early,0.9999,1e-04,0.0,early,0.9963,0.0023,0.0014,early,0.8952,0.1018,0.0031
C6,54,early,middle,0.0,1.0,0.0,early,1.0,0.0,0.0,early,0.9533,0.0433,0.0033,early,0.9946,0.002,0.0034,early,0.87,0.0925,0.0375,early,0.9915,0.0055,0.003,early,0.9934,0.0049,0.0017,early,1.0,0.0,0.0,early,0.9999,0.0,0.0,early,0.9999,1e-04,0.0,early,0.9963,0.0024,0.0014,early,0.8951,0.1019,0.0031
C6,55,early,middle,0.0,1.0,0.0,early,1.0,0.0,0.0,early,0.9667,0.0267,0.0067,early,0.9933,0.0026,0.0041,early,0.8625,0.0975,0.04,early,0.9914,0.0054,0.0032,early,0.9937,0.0046,0.0017,early,1.0,0.0,0.0,early,0.9999,0.0,0.0,early,0.9999,1e-04,0.0,early,0.9962,0.0024,0.0014,early,0.8948,0.1021,0.0031
C6,56,early,middle,0.0,1.0,0.0,early,1.0,0.0,0.0,early,0.97,0.0267,0.0033,early,0.9936,0.0031,0.0032,early,0.8725,0.0875,0.04,early,0.9912,0.0057,0.0031,early,0.9916,0.0067,0.0017,early,0.9999,0.0,0.0,early,0.9999,0.0,0.0,early,0.9998,1e-04,0.0,early,0.9962,0.0024,0.0014,early,0.8947,0.1022,0.0031
C6,57,early,middle,0.0,1.0,0.0,early,1.0,0.0,0.0,early,0.9667,0.03,0.0033,early,0.992,0.0044,0.0036,early,0.88,0.09,0.03,early,0.9915,0.0054,0.0031,early,0.991,0.0073,0.0018,early,0.9999,0.0,0.0,early,0.9999,0.0,0.0,early,0.9998,1e-04,0.0,early,0.9961,0.0025,0.0014,early,0.8945,0.1024,0.0031
C6,58,early,middle,0.0,1.0,0.0,early,1.0,0.0,0.0,early,0.96,0.03,0.01,early,0.978,0.0174,0.0046,early,0.9175,0.055,0.0275,early,0.9777,0.014,0.0083,early,0.9932,0.005,0.0018,early,0.9999,0.0,0.0,early,0.9999,0.0,0.0,early,0.9998,1e-04,0.0,early,0.9963,0.0024,0.0013,early,0.8952,0.1018,0.003
C6,59,early,middle,0.0,1.0,0.0,early,1.0,0.0,0.0,early,0.9133,0.0733,0.0133,early,0.9897,0.0063,0.004,early,0.81,0.1575,0.0325,early,0.989,0.0071,0.0039,early,0.9896,0.008,0.0024,early,0.9999,1e-04,1e-04,early,0.9999,0.0,0.0,early,0.9998,1e-04,0.0,early,0.9961,0.0025,0.0014,early,0.8938,0.103,0.0032
C6,60,early,middle,0.0,1.0,0.0,early,1.0,0.0,0.0,early,0.9433,0.05,0.0067,early,0.9815,0.0142,0.0044,early,0.86,0.1075,0.0325,early,0.9906,0.006,0.0034,early,0.9807,0.0153,0.0041,early,0.9999,0.0,1e-04,early,0.9999,0.0,0.0,early,0.9998,1e-04,0.0,early,0.9961,0.0025,0.0014,early,0.8942,0.1026,0.0031
C6,61,early,middle,0.0,1.0,0.0,early,1.0,0.0,0.0,early,0.9067,0.08,0.0133,early,0.9834,0.0106,0.006,early,0.8225,0.135,0.0425,early,0.9908,0.0059,0.0033,early,0.9892,0.0078,0.003,early,0.9998,1e-04,1e-04,early,0.9999,0.0,0.0,early,0.9998,1e-04,0.0,early,0.996,0.0026,0.0015,early,0.8931,0.1037,0.0032
C6,62,early,middle,0.0,1.0,0.0,early,1.0,0.0,0.0,early,0.94,0.0567,0.0033,early,0.9765,0.019,0.0045,early,0.8525,0.1125,0.035,early,0.9911,0.0057,0.0032,early,0.9839,0.0132,0.0028,early,0.9999,1e-04,1e-04,early,0.9999,0.0,0.0,early,0.9998,1e-04,0.0,early,0.9959,0.0027,0.0014,early,0.8934,0.1034,0.0032
C6,63,early,middle,0.0,1.0,0.0,early,1.0,0.0,0.0,early,0.89,0.0867,0.0233,early,0.975,0.0172,0.0077,early,0.8025,0.1375,0.06,early,0.9849,0.01,0.0051,early,0.9841,0.0114,0.0045,early,0.9997,1e-04,0.0002,early,0.9999,0.0,0.0,early,0.9998,1e-04,0.0,early,0.9957,0.0028,0.0016,early,0.8913,0.1053,0.0034
C6,64,early,middle,0.0,1.0,0.0,early,1.0,0.0,0.0,early,0.9033,0.0733,0.0233,early,0.9785,0.0146,0.0068,early,0.8375,0.135,0.0275,early,0.9854,0.0097,0.0049,early,0.9884,0.0086,0.0029,early,0.9998,1e-04,1e-04,early,0.9999,0.0,0.0,early,0.9998,1e-04,0.0,early,0.9957,0.0028,0.0015,early,0.8919,0.1048,0.0033
C6,65,early,middle,0.0,1.0,0.0,early,1.0,0.0,0.0,early,0.9,0.0867,0.0133,early,0.691,0.2834,0.0256,early,0.8025,0.1575,0.04,early,0.9825,0.0114,0.0061,early,0.8786,0.0955,0.026,early,0.9994,0.0002,0.0003,early,0.9998,1e-04,1e-04,early,0.9998,0.0002,0.0,early,0.9951,0.0031,0.0018,early,0.8871,0.1091,0.0038
C6,66,early,middle,0.0,1.0,0.0,early,1.0,0.0,0.0,early,0.7833,0.2,0.0167,early,0.7357,0.2427,0.0216,early,0.7025,0.2575,0.04,early,0.6961,0.2734,0.0305,early,0.7814,0.1544,0.0642,early,0.9997,1e-04,1e-04,early,0.9999,1e-04,0.0,early,0.9998,1e-04,0.0,early,0.995,0.0033,0.0017,early,0.8893,0.1071,0.0035
C6,67,early,middle,0.0,1.0,0.0,early,1.0,0.0,0.0,early,0.76,0.23,0.01,early,0.7922,0.1921,0.0157,early,0.7125,0.2525,0.035,early,0.699,0.263,0.038,early,0.8179,0.1377,0.0444,early,0.9992,0.0004,0.0004,early,0.9999,1e-04,0.0,early,0.9998,0.0002,0.0,early,0.9946,0.0036,0.0018,early,0.887,0.1092,0.0038
C6,68,early,middle,0.0,1.0,0.0,early,1.0,0.0,0.0,early,0.7033,0.2767,0.02,early,0.6876,0.2948,0.0176,early,0.685,0.2825,0.0325,early,0.6958,0.2679,0.0362,early,0.8438,0.1121,0.0442,early,0.9994,0.0003,0.0003,early,0.9999,1e-04,0.0,early,0.9998,0.0002,0.0,early,0.9943,0.0039,0.0018,early,0.8868,0.1094,0.0037
C6,69,early,middle,0.0,1.0,0.0,early,1.0,0.0,0.0,early,0.71,0.2767,0.0133,early,0.6996,0.2853,0.0151,early,0.6825,0.29,0.0275,early,0.6927,0.2696,0.0377,early,0.8682,0.1013,0.0305,early,0.999,0.0005,0.0005,early,0.9999,1e-04,0.0,early,0.9998,0.0002,0.0,early,0.994,0.0041,0.0019,early,0.8851,0.111,0.0039
C6,70,early,middle,0.0,1.0,0.0,early,1.0,0.0,0.0,early,0.69,0.2967,0.0133,early,0.7315,0.2526,0.0159,early,0.605,0.3525,0.0425,middle,0.2896,0.6269,0.0835,early,0.855,0.1138,0.0312,early,0.9984,0.0009,0.0007,early,0.9999,1e-04,0.0,early,0.9998,0.0002,0.0,early,0.9932,0.0048,0.002,early,0.8833,0.1127,0.004
C6,71,early,middle,0.0,1.0,0.0,early,1.0,0.0,0.0,early,0.68,0.31,0.01,early,0.6998,0.2872,0.013,early,0.63,0.3375,0.0325,middle,0.2882,0.6305,0.0813,early,0.8474,0.1237,0.0289,early,0.998,0.0011,0.0009,early,0.9999,1e-04,0.0,early,0.9997,0.0003,0.0,early,0.9926,0.0053,0.0021,early,0.8821,0.1138,0.0042
C6,72,early,middle,0.0,1.0,0.0,early,1.0,0.0,0.0,early,0.6533,0.3367,0.01,early,0.5853,0.4013,0.0134,early,0.6125,0.3575,0.03,middle,0.3013,0.6109,0.0878,early,0.8334,0.1382,0.0284,early,0.9978,0.0013,0.0009,early,0.9999,1e-04,1e-04,early,0.9997,0.0003,0.0,early,0.9917,0.0061,0.0022,early,0.8805,0.1152,0.0043
C6,73,early,middle,0.0,1.0,0.0,early,1.0,0.0,0.0,early,0.6533,0.3367,0.01,early,0.6378,0.3485,0.0137,early,0.605,0.36,0.035,middle,0.2874,0.6288,0.0837,early,0.8325,0.1368,0.0307,early,0.9967,0.0019,0.0014,early,0.9998,1e-04,1e-04,early,0.9991,0.0008,1e-04,early,0.9909,0.0067,0.0023,early,0.8784,0.1171,0.0045
C6,74,early,middle,0.0,1.0,0.0,early,1.0,0.0,0.0,early,0.6533,0.3333,0.0133,early,0.6251,0.3614,0.0135,early,0.615,0.3525,0.0325,middle,0.3375,0.5651,0.0973,early,0.8998,0.0782,0.022,early,0.9971,0.0018,0.0012,early,0.9998,1e-04,1e-04,early,0.9992,0.0008,0.0,early,0.9896,0.0079,0.0025,early,0.8761,0.1192,0.0047
C6,75,early,middle,0.0,1.0,0.0,early,1.0,0.0,0.0,early,0.67,0.3167,0.0133,early,0.7116,0.2734,0.015,early,0.61,0.3525,0.0375,middle,0.3085,0.6025,0.0889,early,0.9006,0.0751,0.0244,early,0.9959,0.0026,0.0015,early,0.9998,1e-04,1e-04,early,0.9966,0.0033,1e-04,early,0.9885,0.0089,0.0027,early,0.8737,0.1215,0.0049
C6,76,early,middle,0.0,1.0,0.0,early,1.0,0.0,0.0,early,0.8667,0.1167,0.0167,early,0.938,0.0521,0.0099,early,0.8275,0.1375,0.035,early,0.9924,0.0049,0.0027,early,0.9066,0.0593,0.0341,early,0.9971,0.0017,0.0012,early,0.9999,1e-04,0.0,early,0.9974,0.0026,1e-04,early,0.989,0.0086,0.0025,early,0.8757,0.1197,0.0046
C6,77,early,middle,0.0,1.0,0.0,early,1.0,0.0,0.0,early,0.6367,0.3433,0.02,early,0.7145,0.2727,0.0127,early,0.56,0.395,0.045,middle,0.3012,0.5993,0.0995,early,0.9029,0.0777,0.0194,early,0.9946,0.0035,0.0019,early,0.9999,1e-04,0.0,early,0.9938,0.0061,1e-04,early,0.9876,0.0097,0.0027,early,0.8735,0.1217,0.0048
C6,78,early,middle,0.0,1.0,0.0,early,1.0,0.0,0.0,early,0.67,0.3167,0.0133,early,0.6859,0.2995,0.0146,early,0.605,0.355,0.04,middle,0.3325,0.5576,0.1099,early,0.906,0.0766,0.0174,early,0.996,0.0025,0.0014,early,0.9999,1e-04,0.0,early,0.9958,0.0041,1e-04,early,0.9889,0.0086,0.0025,early,0.8757,0.1197,0.0046
C6,79,early,middle,0.0,1.0,0.0,early,1.0,0.0,0.0,early,0.6733,0.3133,0.0133,early,0.7258,0.2616,0.0127,early,0.5875,0.375,0.0375,middle,0.3289,0.5725,0.0986,early,0.884,0.0972,0.0189,early,0.9931,0.0046,0.0023,early,0.9999,1e-04,0.0,early,0.9916,0.0082,0.0002,early,0.9873,0.01,0.0027,early,0.873,0.1221,0.0049
C6,80,early,middle,0.0,1.0,0.0,early,1.0,0.0,0.0,early,0.6767,0.31,0.0133,early,0.7093,0.2788,0.0119,early,0.5975,0.3675,0.035,middle,0.2919,0.6207,0.0875,early,0.8741,0.1048,0.0211,early,0.9953,0.003,0.0017,early,0.9998,1e-04,1e-04,early,0.9985,0.0014,1e-04,early,0.9876,0.0097,0.0027,early,0.8727,0.1224,0.0049
C6,81,early,middle,0.0,1.0,0.0,early,1.0,0.0,0.0,early,0.6867,0.3033,0.01,early,0.67,0.3178,0.0123,early,0.5925,0.3725,0.035,middle,0.2474,0.6793,0.0734,early,0.9127,0.0725,0.0148,early,0.9909,0.0061,0.003,early,0.9998,1e-04,1e-04,early,0.9967,0.0032,1e-04,early,0.9855,0.0115,0.003,early,0.8692,0.1256,0.0052
C6,82,early,middle,0.0,1.0,0.0,early,1.0,0.0,0.0,early,0.66,0.3267,0.0133,early,0.7242,0.2615,0.0143,early,0.58,0.3575,0.0625,middle,0.2961,0.6043,0.0996,early,0.8931,0.0826,0.0243,early,0.9937,0.0041,0.0022,early,0.9998,1e-04,1e-04,early,0.9987,0.0013,1e-04,early,0.9852,0.0117,0.0031,early,0.8686,0.1261,0.0053
C6,83,early,middle,0.0,1.0,0.0,early,1.0,0.0,0.0,early,0.7,0.29,0.01,early,0.5947,0.3945,0.0108,early,0.595,0.3725,0.0325,middle,0.2461,0.6829,0.071,early,0.9057,0.0805,0.0138,early,0.9894,0.0073,0.0033,early,0.9998,1e-04,1e-04,early,0.9973,0.0026,1e-04,early,0.9827,0.0139,0.0033,early,0.8652,0.1292,0.0056
C6,84,early,middle,0.0,1.0,0.0,early,1.0,0.0,0.0,early,0.66,0.3233,0.0167,early,0.604,0.3837,0.0123,early,0.5825,0.38,0.0375,middle,0.2647,0.6445,0.0908,early,0.8782,0.102,0.0199,early,0.9935,0.0043,0.0022,early,0.9998,1e-04,1e-04,early,0.999,0.001,1e-04,early,0.9838,0.013,0.0032,early,0.8668,0.1277,0.0055
C6,85,early,middle,0.0,1.0,0.0,early,1.0,0.0,0.0,early,0.6733,0.3133,0.0133,early,0.6322,0.3547,0.013,early,0.5875,0.3725,0.04,middle,0.2402,0.6879,0.0719,early,0.8907,0.0909,0.0184,early,0.9885,0.0081,0.0034,early,0.9998,1e-04,1e-04,early,0.9982,0.0018,1e-04,early,0.9809,0.0155,0.0035,early,0.863,0.1312,0.0059
C6,86,early,middle,0.0,1.0,0.0,early,1.0,0.0,0.0,early,0.6533,0.34,0.0067,middle,0.3822,0.6095,0.0083,early,0.5975,0.375,0.0275,middle,0.2121,0.7233,0.0646,early,0.8575,0.1304,0.0122,early,0.9895,0.0074,0.0031,early,0.9998,0.0002,1e-04,early,0.9978,0.0021,1e-04,early,0.9781,0.0182,0.0037,early,0.8599,0.134,0.006
C6,87,early,middle,0.0,1.0,0.0,early,1.0,0.0,0.0,early,0.87,0.1133,0.0167,early,0.9624,0.0321,0.0055,early,0.8325,0.1375,0.03,early,0.9744,0.022,0.0036,early,0.9491,0.0377,0.0132,early,0.9915,0.0059,0.0026,early,0.9999,1e-04,0.0,early,0.9982,0.0017,1e-04,early,0.982,0.0149,0.0031,early,0.8655,0.1292,0.0053
C6,88,early,middle,0.0,1.0,0.0,early,1.0,0.0,0.0,early,0.6167,0.3633,0.02,early,0.6189,0.3686,0.0126,early,0.5475,0.4125,0.04,middle,0.2251,0.6714,0.1034,early,0.8804,0.0974,0.0222,early,0.9738,0.0199,0.0063,early,0.9998,1e-04,1e-04,early,0.9635,0.0361,0.0004,early,0.9721,0.0237,0.0042,early,0.8526,0.1409,0.0065
C6,89,early,middle,0.0,1.0,0.0,early,1.0,0.0,0.0,early,0.6367,0.35,0.0133,early,0.5598,0.4272,0.013,early,0.5975,0.35,0.0525,middle,0.291,0.591,0.118,early,0.8602,0.114,0.0258,early,0.9862,0.01,0.0038,early,0.9997,0.0002,1e-04,early,0.9751,0.0245,0.0003,early,0.978,0.0184,0.0036,early,0.8595,0.1346,0.0059
C6,90,early,middle,0.0,1.0,0.0,early,1.0,0.0,0.0,early,0.5933,0.39,0.0167,early,0.4344,0.5504,0.0151,early,0.5525,0.4,0.0475,middle,0.2844,0.6008,0.1148,early,0.8399,0.1289,0.0312,early,0.9642,0.0271,0.0088,early,0.9997,0.0002,1e-04,early,0.8477,0.1514,0.001,early,0.965,0.0301,0.0049,early,0.8443,0.1484,0.0073
C6,91,early,middle,0.0,1.0,0.0,early,1.0,0.0,0.0,early,0.6233,0.3633,0.0133,early,0.4974,0.4845,0.0181,early,0.575,0.36,0.065,middle,0.3047,0.58,0.1153,early,0.7817,0.1683,0.05,early,0.988,0.0081,0.0038,early,0.9996,0.0003,1e-04,early,0.9873,0.0125,0.0002,early,0.9746,0.0212,0.0042,early,0.8541,0.1393,0.0066
C6,92,early,middle,0.0,1.0,0.0,early,1.0,0.0,0.0,early,0.62,0.3633,0.0167,early,0.4398,0.5466,0.0136,early,0.5575,0.4025,0.04,middle,0.2683,0.6177,0.114,early,0.8336,0.1402,0.0262,early,0.96,0.0309,0.0092,early,0.9996,0.0002,1e-04,early,0.9108,0.0884,0.0007,early,0.9619,0.0327,0.0053,early,0.8402,0.152,0.0078
C6,93,early,middle,0.0,1.0,0.0,early,1.0,0.0,0.0,early,0.64,0.3433,0.0167,middle,0.3951,0.5933,0.0116,early,0.5625,0.4,0.0375,middle,0.2823,0.6165,0.1012,early,0.8296,0.1452,0.0251,early,0.9842,0.0112,0.0045,early,0.9996,0.0003,1e-04,early,0.9737,0.026,0.0003,early,0.9688,0.0264,0.0048,early,0.8471,0.1457,0.0072
C6,94,early,middle,0.0,1.0,0.0,early,1.0,0.0,0.0,early,0.6067,0.38,0.0133,early,0.4196,0.5695,0.0109,early,0.5475,0.4175,0.035,middle,0.2881,0.6135,0.0984,early,0.7874,0.1865,0.0261,early,0.95,0.0394,0.0106,early,0.9996,0.0003,1e-04,early,0.7746,0.2241,0.0013,early,0.9434,0.0499,0.0067,early,0.8221,0.1687,0.0091
C6,95,early,middle,0.0,1.0,0.0,early,1.0,0.0,0.0,early,0.58,0.4,0.02,early,0.4885,0.4914,0.0201,middle,0.455,0.475,0.07,middle,0.2918,0.5879,0.1203,early,0.7326,0.2255,0.0419,early,0.9816,0.0132,0.0052,early,0.9996,0.0003,1e-04,early,0.945,0.0544,0.0005,early,0.9539,0.0399,0.0062,early,0.8314,0.1599,0.0087
C6,96,middle,middle,0.0,1.0,0.0,early,1.0,0.0,0.0,early,0.5867,0.3967,0.0167,early,0.4289,0.5559,0.0152,early,0.535,0.41,0.055,middle,0.2991,0.584,0.1169,early,0.7665,0.1989,0.0346,early,0.9325,0.0543,0.0132,early,0.9996,0.0003,1e-04,early,0.595,0.4033,0.0017,early,0.9253,0.0665,0.0082,early,0.8054,0.184,0.0106
C6,97,middle,middle,0.0,1.0,0.0,early,1.0,0.0,0.0,early,0.6567,0.3233,0.02,middle,0.2937,0.6665,0.0398,middle,0.4275,0.4875,0.085,middle,0.1511,0.7832,0.0656,middle,0.4023,0.4955,0.1022,early,0.9466,0.0376,0.0158,early,0.9972,0.0019,0.0009,middle,0.0683,0.9298,0.0019,early,0.9087,0.0811,0.0102,early,0.789,0.1984,0.0126
C6,98,middle,middle,0.0,1.0,0.0,early,1.0,0.0,0.0,early,0.52,0.4533,0.0267,early,0.622,0.3601,0.0179,middle,0.345,0.5675,0.0875,middle,0.1268,0.8149,0.0583,middle,0.2892,0.5169,0.1939,early,0.8797,0.0975,0.0228,early,0.9975,0.0017,0.0008,middle,0.0856,0.9125,0.0018,early,0.7624,0.2216,0.016,early,0.6919,0.2911,0.017
C6,99,middle,middle,0.0,1.0,0.0,early,1.0,0.0,0.0,early,0.5233,0.43,0.0467,early,0.599,0.3702,0.0308,middle,0.3275,0.54,0.1325,middle,0.1398,0.7907,0.0695,middle,0.3393,0.4541,0.2066,early,0.8158,0.1491,0.0352,early,0.9834,0.0135,0.0032,middle,0.0028,0.9964,0.0008,middle,0.3858,0.5932,0.021,middle,0.4685,0.5108,0.0207
C6,100,middle,middle,0.0,1.0,0.0,early,1.0,0.0,0.0,early,0.4933,0.4533,0.0533,early,0.618,0.3429,0.0391,middle,0.31,0.545,0.145,middle,0.141,0.7896,0.0694,middle,0.3065,0.441,0.2526,early,0.7238,0.2312,0.045,early,0.9725,0.023,0.0045,middle,0.0017,0.9976,0.0007,middle,0.2348,0.7462,0.019,middle,0.3219,0.6587,0.0195
C6,101,middle,middle,0.0,1.0,0.0,early,1.0,0.0,0.0,early,0.48,0.4567,0.0633,early,0.6188,0.3461,0.0351,middle,0.3175,0.555,0.1275,middle,0.1576,0.7702,0.0723,middle,0.3565,0.4036,0.2399,early,0.7812,0.1649,0.0539,early,0.9243,0.0678,0.008,middle,0.0018,0.9973,0.0009,middle,0.3156,0.6603,0.0241,middle,0.3056,0.671,0.0234
C6,102,middle,middle,0.0,1.0,0.0,early,1.0,0.0,0.0,early,0.4867,0.47,0.0433,early,0.471,0.5017,0.0274,middle,0.325,0.575,0.1,middle,0.1377,0.7926,0.0697,middle,0.2382,0.5389,0.2229,early,0.6152,0.3239,0.0609,middle,0.3945,0.5923,0.0132,middle,0.0013,0.9979,0.0008,middle,0.1348,0.8476,0.0175,middle,0.1451,0.8362,0.0187
C6,103,middle,middle,0.0,1.0,0.0,early,1.0,0.0,0.0,early,0.47,0.4667,0.0633,early,0.6318,0.321,0.0472,middle,0.2975,0.5575,0.145,middle,0.1605,0.7582,0.0813,middle,0.318,0.4141,0.2679,early,0.6106,0.3085,0.0809,middle,0.0227,0.9739,0.0034,middle,0.0021,0.9968,0.0012,middle,0.1817,0.7946,0.0236,middle,0.1539,0.8224,0.0237
C6,104,middle,middle,0.0,1.0,0.0,early,1.0,0.0,0.0,early,0.5033,0.4433,0.0533,early,0.6032,0.3495,0.0473,middle,0.305,0.5475,0.1475,middle,0.195,0.7063,0.0987,middle,0.3388,0.4282,0.2331,early,0.6144,0.3022,0.0834,middle,0.005,0.9937,0.0013,middle,0.0025,0.9961,0.0014,middle,0.1414,0.8357,0.0229,middle,0.1245,0.8522,0.0233
C6,105,middle,middle,0.0,1.0,0.0,early,1.0,0.0,0.0,early,0.5133,0.4433,0.0433,early,0.4921,0.4795,0.0283,middle,0.3275,0.545,0.1275,middle,0.1623,0.7642,0.0735,middle,0.323,0.4996,0.1774,early,0.7077,0.1942,0.0982,middle,0.0023,0.997,0.0007,middle,0.0055,0.992,0.0025,middle,0.2294,0.7378,0.0328,middle,0.1695,0.7998,0.0307
C6,106,middle,middle,0.0,1.0,0.0,early,1.0,0.0,0.0,middle,0.36,0.55,0.09,early,0.4775,0.4643,0.0583,middle,0.265,0.5625,0.1725,middle,0.2258,0.6438,0.1304,middle,0.3501,0.4063,0.2436,early,0.6038,0.282,0.1142,middle,0.0031,0.9959,0.001,middle,0.0085,0.9883,0.0032,middle,0.2013,0.7617,0.037,middle,0.152,0.814,0.0341
C6,107,middle,middle,0.0,1.0,0.0,early,1.0,0.0,0.0,early,0.5,0.4467,0.0533,early,0.4055,0.5657,0.0288,middle,0.3175,0.5425,0.14,middle,0.2259,0.6871,0.087,early,0.4345,0.4048,0.1607,early,0.7177,0.1809,0.1015,middle,0.0017,0.9976,0.0006,middle,0.0164,0.9796,0.004,middle,0.2808,0.6731,0.0461,middle,0.1913,0.7684,0.0402
C6,108,middle,middle,0.0,1.0,0.0,early,1.0,0.0,0.0,early,0.8533,0.13,0.0167,early,0.9167,0.0748,0.0085,early,0.7475,0.1975,0.055,early,0.9819,0.0121,0.006,early,0.7624,0.168,0.0697,early,0.8246,0.108,0.0673,middle,0.0067,0.9922,0.0011,middle,0.2458,0.746,0.0081,middle,0.4583,0.5044,0.0373,middle,0.2838,0.6825,0.0337
C6,109,middle,middle,0.0,1.0,0.0,early,1.0,0.0,0.0,middle,0.4233,0.51,0.0667,middle,0.3594,0.6102,0.0304,middle,0.265,0.5625,0.1725,middle,0.2345,0.6369,0.1286,middle,0.3,0.503,0.197,early,0.6295,0.2645,0.106,middle,0.0433,0.9526,0.0041,middle,0.3278,0.6647,0.0075,middle,0.4194,0.5361,0.0445,middle,0.262,0.6991,0.0389
C6,110,middle,middle,0.0,1.0,0.0,early,1.0,0.0,0.0,middle,0.4467,0.4933,0.06,early,0.4298,0.5448,0.0255,middle,0.27,0.585,0.145,middle,0.2343,0.6524,0.1133,middle,0.2962,0.5,0.2039,early,0.7662,0.1432,0.0906,middle,0.175,0.8161,0.0089,early,0.5513,0.4397,0.009,early,0.5188,0.4339,0.0473,middle,0.3089,0.65,0.0411
C6,111,middle,middle,0.0,1.0,0.0,early,1.0,0.0,0.0,middle,0.35,0.55,0.1,early,0.3886,0.5511,0.0602,middle,0.25,0.555,0.195,middle,0.2283,0.6406,0.131,middle,0.3364,0.4402,0.2234,early,0.6142,0.2472,0.1387,middle,0.2177,0.7703,0.0121,middle,0.3122,0.6783,0.0095,early,0.5132,0.4267,0.0601,middle,0.3022,0.6479,0.0499
C6,112,middle,middle,0.0,1.0,0.0,early,1.0,0.0,0.0,middle,0.3867,0.5267,0.0867,early,0.5144,0.4255,0.0601,middle,0.25,0.5525,0.1975,middle,0.2279,0.6391,0.133,middle,0.3834,0.406,0.2106,early,0.792,0.1199,0.0881,middle,0.3148,0.6698,0.0154,early,0.9367,0.0609,0.0024,early,0.561,0.38,0.059,middle,0.3257,0.6249,0.0494
C6,113,middle,middle,0.0,1.0,0.0,early,1.0,0.0,0.0,middle,0.33,0.5667,0.1033,early,0.4555,0.4721,0.0724,middle,0.2125,0.5875,0.2,middle,0.2151,0.6516,0.1333,middle,0.3028,0.4749,0.2223,early,0.4955,0.3446,0.1599,middle,0.295,0.6881,0.0169,middle,0.4203,0.5717,0.008,early,0.4789,0.4394,0.0817,middle,0.281,0.6551,0.0639
C6,114,middle,middle,0.0,1.0,0.0,early,1.0,0.0,0.0,middle,0.3367,0.5567,0.1067,early,0.3789,0.5488,0.0723,middle,0.2225,0.58,0.1975,middle,0.218,0.6473,0.1347,middle,0.2941,0.4528,0.2531,early,0.7196,0.1634,0.1169,early,0.7658,0.2125,0.0217,early,0.8765,0.1196,0.0038,early,0.5619,0.344,0.0941,middle,0.3181,0.6096,0.0723
C6,115,middle,middle,0.0,1.0,0.0,early,1.0,0.0,0.0,middle,0.3233,0.58,0.0967,middle,0.3742,0.5738,0.0519,middle,0.22,0.58,0.2,middle,0.1907,0.6783,0.131,middle,0.2887,0.4793,0.2321,early,0.5023,0.2892,0.2085,early,0.7381,0.2392,0.0227,middle,0.4154,0.5754,0.0092,early,0.5108,0.3622,0.127,middle,0.2899,0.6183,0.0918
C6,116,middle,middle,0.0,1.0,0.0,early,1.0,0.0,0.0,middle,0.3233,0.5933,0.0833,middle,0.2518,0.7108,0.0374,middle,0.2175,0.585,0.1975,middle,0.1993,0.6678,0.1329,middle,0.2906,0.5078,0.2017,early,0.7064,0.1709,0.1227,early,0.7763,0.2008,0.0229,early,0.8076,0.188,0.0045,early,0.5273,0.351,0.1217,middle,0.2986,0.6124,0.089
C6,117,middle,middle,0.0,1.0,0.0,early,1.0,0.0,0.0,middle,0.3067,0.5833,0.11,middle,0.3247,0.5986,0.0767,middle,0.2125,0.58,0.2075,middle,0.1802,0.6981,0.1217,middle,0.2495,0.5096,0.2409,early,0.3809,0.3497,0.2694,early,0.8646,0.1113,0.0241,middle,0.3906,0.6003,0.0091,early,0.4177,0.3477,0.2346,middle,0.24,0.6095,0.1506
C6,118,middle,middle,0.0,1.0,0.0,early,1.0,0.0,0.0,middle,0.2867,0.5467,0.1667,early,0.3704,0.5228,0.1068,middle,0.2125,0.5825,0.205,middle,0.1983,0.6677,0.1339,middle,0.2585,0.4332,0.3083,early,0.4922,0.247,0.2608,early,0.8097,0.1559,0.0345,middle,0.4139,0.573,0.0131,early,0.3831,0.2998,0.317,middle,0.2214,0.5845,0.1941
C6,119,middle,middle,0.0,1.0,0.0,early,1.0,0.0,0.0,early,0.8833,0.0933,0.0233,early,0.9675,0.0288,0.0037,early,0.815,0.12,0.065,early,0.9889,0.0055,0.0056,early,0.9016,0.0723,0.0261,early,0.7669,0.1176,0.1155,early,0.9799,0.0137,0.0064,early,0.9308,0.0663,0.0029,early,0.6348,0.2279,0.1373,middle,0.348,0.5503,0.1016
C6,120,middle,middle,0.0,1.0,0.0,early,1.0,0.0,0.0,middle,0.2233,0.6533,0.1233,middle,0.3066,0.6007,0.0928,middle,0.175,0.6,0.225,middle,0.1944,0.6721,0.1335,middle,0.2428,0.4551,0.3022,late,0.283,0.3137,0.4033,early,0.8048,0.1678,0.0275,middle,0.2834,0.6915,0.025,early,0.3617,0.2898,0.3485,middle,0.2115,0.5781,0.2104
C6,121,middle,middle,0.0,1.0,0.0,early,1.0,0.0,0.0,middle,0.2733,0.6267,0.1,middle,0.3154,0.6334,0.0512,middle,0.2375,0.5725,0.19,middle,0.2184,0.6508,0.1308,middle,0.2542,0.4995,0.2462,early,0.5316,0.1788,0.2896,early,0.8959,0.0811,0.0229,middle,0.4504,0.5263,0.0233,late,0.375,0.2321,0.3929,middle,0.2174,0.546,0.2366
C6,122,middle,middle,0.0,1.0,0.0,early,1.0,0.0,0.0,middle,0.2233,0.63,0.1467,early,0.341,0.5365,0.1225,middle,0.1875,0.595,0.2175,middle,0.2004,0.6643,0.1353,middle,0.2544,0.4225,0.3231,late,0.1624,0.1721,0.6655,early,0.9276,0.0468,0.0256,early,0.633,0.3041,0.0629,late,0.1529,0.1101,0.737,middle,0.1078,0.4612,0.431
C6,123,middle,middle,0.0,1.0,0.0,early,1.0,0.0,0.0,middle,0.2167,0.6467,0.1367,early,0.3106,0.5754,0.1141,middle,0.205,0.5775,0.2175,middle,0.177,0.7035,0.1195,middle,0.2391,0.4463,0.3146,early,0.528,0.1616,0.3104,early,0.8977,0.0647,0.0376,early,0.8436,0.1372,0.0192,late,0.2145,0.136,0.6495,middle,0.1392,0.458,0.4028
C6,124,middle,middle,0.0,1.0,0.0,early,1.0,0.0,0.0,middle,0.2133,0.6867,0.1,middle,0.2249,0.73,0.0451,middle,0.19,0.61,0.2,middle,0.1907,0.6783,0.131,middle,0.2178,0.5546,0.2276,late,0.1676,0.1924,0.64,early,0.8358,0.1163,0.0479,early,0.4936,0.3516,0.1548,late,0.1105,0.1058,0.7837,late,0.0828,0.4038,0.5134
C6,125,middle,middle,0.0,1.0,0.0,early,1.0,0.0,0.0,middle,0.2133,0.68,0.1067,middle,0.2426,0.6951,0.0623,middle,0.1925,0.585,0.2225,middle,0.1939,0.673,0.1332,middle,0.2214,0.5286,0.2501,early,0.4162,0.1865,0.3974,early,0.743,0.1957,0.0613,middle,0.4206,0.4454,0.134,late,0.1365,0.1164,0.7471,late,0.0973,0.3769,0.5258
C6,126,middle,middle,0.0,1.0,0.0,early,1.0,0.0,0.0,middle,0.2467,0.6667,0.0867,middle,0.2096,0.7473,0.0432,middle,0.235,0.5875,0.1775,middle,0.1684,0.7404,0.0912,middle,0.1812,0.6101,0.2087,late,0.1016,0.132,0.7663,early,0.5522,0.3829,0.0648,middle,0.279,0.4409,0.2801,late,0.0644,0.0833,0.8523,late,0.0541,0.3066,0.6393
C6,127,middle,middle,0.0,1.0,0.0,early,1.0,0.0,0.0,middle,0.2733,0.58,0.1467,middle,0.3402,0.5841,0.0757,middle,0.24,0.5625,0.1975,middle,0.2337,0.6497,0.1166,middle,0.2301,0.4629,0.307,early,0.4463,0.1576,0.3961,early,0.5697,0.3602,0.0701,early,0.5348,0.3443,0.1209,late,0.1043,0.0949,0.8009,late,0.0788,0.2873,0.6338
C6,128,middle,middle,0.0,1.0,0.0,early,1.0,0.0,0.0,middle,0.2767,0.5967,0.1267,middle,0.3466,0.5929,0.0605,middle,0.2275,0.5675,0.205,middle,0.2094,0.6599,0.1307,middle,0.2273,0.4568,0.3159,late,0.1168,0.1558,0.7274,early,0.6785,0.257,0.0644,early,0.4818,0.3358,0.1825,late,0.0677,0.0888,0.8435,late,0.056,0.2593,0.6846
C6,129,middle,middle,0.0,1.0,0.0,late,0.0,0.0,1.0,middle,0.2067,0.7033,0.09,middle,0.0934,0.8838,0.0228,middle,0.2625,0.6375,0.1,middle,0.1204,0.8666,0.013,middle,0.1147,0.7436,0.1417,late,0.2428,0.1899,0.5673,middle,0.1046,0.8296,0.0658,middle,0.0158,0.8908,0.0935,late,0.063,0.1115,0.8255,late,0.0526,0.2634,0.6841
C6,130,middle,middle,0.0,1.0,0.0,late,0.0,0.0,1.0,middle,0.1567,0.7467,0.0967,middle,0.1203,0.8565,0.0232,middle,0.18,0.675,0.145,middle,0.0043,0.9933,0.0025,middle,0.0537,0.8482,0.098,late,0.1019,0.2075,0.6906,middle,0.0179,0.967,0.0152,middle,0.0039,0.9649,0.0313,late,0.0478,0.1531,0.7991,late,0.0417,0.2843,0.674
C6,131,middle,middle,0.0,1.0,0.0,early,1.0,0.0,0.0,middle,0.17,0.79,0.04,middle,0.1086,0.8717,0.0197,middle,0.1925,0.705,0.1025,middle,0.004,0.9937,0.0024,middle,0.0627,0.8284,0.1089,late,0.0714,0.2993,0.6293,middle,0.0015,0.9971,0.0014,middle,0.0006,0.995,0.0044,late,0.034,0.216,0.75,late,0.0314,0.3196,0.649
C6,132,middle,middle,0.0,1.0,0.0,early,1.0,0.0,0.0,middle,0.0733,0.8733,0.0533,middle,0.0656,0.9207,0.0137,middle,0.1075,0.7725,0.12,middle,0.0027,0.9949,0.0024,middle,0.0684,0.8154,0.1162,middle,0.0812,0.5283,0.3905,middle,0.0004,0.9992,0.0004,middle,0.0003,0.9987,0.0011,late,0.0367,0.4607,0.5026,late,0.0332,0.451,0.5158
C6,133,middle,middle,0.0,1.0,0.0,early,1.0,0.0,0.0,middle,0.04,0.9067,0.0533,middle,0.0725,0.9119,0.0157,middle,0.09,0.7675,0.1425,middle,0.0022,0.9955,0.0023,middle,0.0556,0.8562,0.0882,middle,0.0546,0.7038,0.2416,middle,0.0002,0.9997,0.0002,middle,1e-04,0.9996,0.0003,middle,0.0292,0.6345,0.3363,middle,0.0285,0.5613,0.4103
C6,134,middle,middle,0.0,1.0,0.0,early,1.0,0.0,0.0,middle,0.0433,0.8933,0.0633,middle,0.0709,0.9134,0.0157,middle,0.0925,0.745,0.1625,middle,0.0022,0.9953,0.0025,middle,0.0762,0.7978,0.126,middle,0.039,0.8356,0.1254,middle,1e-04,0.9999,1e-04,middle,1e-04,0.9997,0.0002,middle,0.0178,0.878,0.1042,middle,0.0217,0.8045,0.1738
C6,135,middle,middle,0.0,1.0,0.0,early,1.0,0.0,0.0,middle,0.0533,0.8933,0.0533,middle,0.0608,0.9261,0.0131,middle,0.0975,0.78,0.1225,middle,0.0022,0.9954,0.0025,middle,0.0646,0.8222,0.1132,middle,0.0253,0.8939,0.0809,middle,0.0,0.9999,0.0,middle,1e-04,0.9998,1e-04,middle,0.0117,0.9456,0.0427,middle,0.0178,0.9327,0.0495
C6,136,middle,middle,0.0,1.0,0.0,late,0.0,0.0,1.0,middle,0.0333,0.8633,0.1033,middle,0.0615,0.9237,0.0148,middle,0.0925,0.7525,0.155,middle,0.0021,0.9956,0.0023,middle,0.0565,0.8387,0.1049,middle,0.0166,0.9314,0.052,middle,0.0,0.9999,0.0,middle,1e-04,0.9998,1e-04,middle,0.0094,0.962,0.0286,middle,0.0163,0.9535,0.0303
C6,137,middle,middle,0.0,1.0,0.0,early,1.0,0.0,0.0,middle,0.0267,0.9233,0.05,middle,0.0345,0.9575,0.0081,middle,0.0925,0.77,0.1375,middle,0.0021,0.9956,0.0023,middle,0.0657,0.8193,0.115,middle,0.0103,0.958,0.0317,middle,0.0,1.0,0.0,middle,1e-04,0.9998,1e-04,middle,0.0067,0.9768,0.0165,middle,0.0142,0.9665,0.0193
C6,138,middle,middle,0.0,1.0,0.0,late,0.0,0.0,1.0,middle,0.0333,0.85,0.1167,middle,0.0393,0.9493,0.0114,middle,0.09,0.7475,0.1625,middle,0.0022,0.9954,0.0025,middle,0.0666,0.8045,0.1289,middle,0.007,0.9669,0.0261,middle,0.0,1.0,0.0,middle,1e-04,0.9998,1e-04,middle,0.0058,0.9802,0.0139,middle,0.0135,0.9696,0.0168
C6,139,middle,middle,0.0,1.0,0.0,early,1.0,0.0,0.0,middle,0.0333,0.91,0.0567,middle,0.0315,0.959,0.0094,middle,0.095,0.7525,0.1525,middle,0.0021,0.9956,0.0023,middle,0.0747,0.7869,0.1384,middle,0.0046,0.9779,0.0175,middle,0.0,1.0,0.0,middle,1e-04,0.9999,1e-04,middle,0.0047,0.985,0.0103,middle,0.0129,0.9739,0.0132
C6,140,middle,middle,0.0,1.0,0.0,late,0.0,0.0,1.0,middle,0.4,0.51,0.09,middle,0.3717,0.6135,0.0148,middle,0.4,0.495,0.105,early,0.7677,0.223,0.0093,middle,0.0874,0.8227,0.0899,middle,0.0062,0.9791,0.0147,middle,0.0,0.9999,0.0,middle,1e-04,0.9999,1e-04,middle,0.0043,0.9893,0.0064,middle,0.015,0.976,0.009
C6,141,middle,middle,0.0,1.0,0.0,early,1.0,0.0,0.0,middle,0.0333,0.92,0.0467,middle,0.0228,0.9708,0.0064,middle,0.0925,0.7675,0.14,middle,0.0022,0.9954,0.0024,middle,0.0719,0.7986,0.1295,middle,0.0028,0.987,0.0102,middle,0.0,1.0,0.0,middle,1e-04,0.9999,1e-04,middle,0.0038,0.9896,0.0066,middle,0.0138,0.9771,0.0092
C6,142,middle,middle,0.0,1.0,0.0,early,1.0,0.0,0.0,middle,0.0267,0.9233,0.05,middle,0.0234,0.9703,0.0062,middle,0.095,0.7575,0.1475,middle,0.0021,0.9956,0.0023,middle,0.0671,0.8293,0.1036,middle,0.0035,0.9853,0.0112,middle,0.0,1.0,0.0,middle,1e-04,0.9999,1e-04,middle,0.0037,0.9898,0.0065,middle,0.0135,0.9774,0.0091
C6,143,middle,middle,0.0,1.0,0.0,early,1.0,0.0,0.0,middle,0.0333,0.92,0.0467,middle,0.0262,0.9664,0.0074,middle,0.0925,0.785,0.1225,middle,0.0021,0.9956,0.0023,middle,0.0852,0.7904,0.1244,middle,0.0024,0.9878,0.0098,middle,0.0,1.0,0.0,middle,1e-04,0.9999,1e-04,middle,0.0035,0.9896,0.0069,middle,0.0127,0.9778,0.0095
C6,144,middle,middle,0.0,1.0,0.0,early,1.0,0.0,0.0,middle,0.0333,0.9067,0.06,middle,0.0267,0.9651,0.0083,middle,0.085,0.7525,0.1625,middle,0.0021,0.9956,0.0023,middle,0.0726,0.7978,0.1296,middle,0.0029,0.9865,0.0105,middle,0.0,1.0,0.0,middle,1e-04,0.9999,1e-04,middle,0.0034,0.9899,0.0067,middle,0.0127,0.978,0.0093
C6,145,middle,middle,0.0,1.0,0.0,early,1.0,0.0,0.0,middle,0.05,0.8933,0.0567,middle,0.0281,0.9639,0.008,middle,0.085,0.745,0.17,middle,0.0022,0.9954,0.0024,middle,0.0591,0.8366,0.1043,middle,0.0018,0.9905,0.0078,middle,0.0,1.0,0.0,middle,1e-04,0.9999,1e-04,middle,0.0033,0.9897,0.007,middle,0.012,0.9783,0.0096
C6,146,middle,middle,0.0,1.0,0.0,early,1.0,0.0,0.0,middle,0.0367,0.9133,0.05,middle,0.0182,0.9763,0.0055,middle,0.0875,0.76,0.1525,middle,0.0021,0.9955,0.0023,middle,0.0792,0.8046,0.1162,middle,0.0022,0.9897,0.0081,middle,0.0,1.0,0.0,middle,1e-04,0.9999,1e-04,middle,0.0033,0.99,0.0067,middle,0.0122,0.9784,0.0093
C6,147,middle,middle,0.0,1.0,0.0,early,1.0,0.0,0.0,middle,0.0467,0.89,0.0633,middle,0.0405,0.9464,0.0131,middle,0.0875,0.7275,0.185,middle,0.0021,0.9954,0.0024,middle,0.0867,0.759,0.1544,middle,0.0016,0.989,0.0094,middle,0.0,1.0,0.0,middle,1e-04,0.9999,1e-04,middle,0.0033,0.989,0.0077,middle,0.0113,0.9782,0.0104
C6,148,middle,middle,0.0,1.0,0.0,early,1.0,0.0,0.0,middle,0.04,0.9167,0.0433,middle,0.0168,0.9771,0.0061,middle,0.085,0.76,0.155,middle,0.0021,0.9955,0.0024,middle,0.0607,0.8138,0.1255,middle,0.0017,0.991,0.0074,middle,0.0,1.0,0.0,middle,1e-04,0.9999,1e-04,middle,0.0031,0.9899,0.0069,middle,0.0115,0.9789,0.0096
C6,149,middle,middle,0.0,1.0,0.0,early,1.0,0.0,0.0,middle,0.0333,0.92,0.0467,middle,0.0225,0.9711,0.0065,middle,0.085,0.77,0.145,middle,0.0021,0.9956,0.0023,middle,0.0704,0.8117,0.1179,middle,0.0014,0.9913,0.0073,middle,0.0,1.0,0.0,middle,1e-04,0.9999,1e-04,middle,0.003,0.9898,0.0071,middle,0.0109,0.9793,0.0098
C6,150,middle,middle,0.0,1.0,0.0,early,1.0,0.0,0.0,early,0.5167,0.4333,0.05,early,0.6835,0.3053,0.0111,early,0.4475,0.445,0.1075,early,0.9025,0.0921,0.0054,middle,0.1887,0.7279,0.0834,middle,0.0039,0.9876,0.0085,middle,0.0,0.9999,0.0,middle,1e-04,0.9999,1e-04,middle,0.0032,0.9917,0.0051,middle,0.0137,0.9788,0.0075
C6,151,middle,middle,0.0,1.0,0.0,early,1.0,0.0,0.0,middle,0.04,0.91,0.05,middle,0.0265,0.9652,0.0083,middle,0.0775,0.755,0.1675,middle,0.002,0.9957,0.0022,middle,0.0547,0.7969,0.1484,middle,0.0013,0.9906,0.0081,middle,0.0,1.0,0.0,middle,1e-04,0.9999,1e-04,middle,0.0032,0.9898,0.007,middle,0.0115,0.9788,0.0097
C6,152,middle,middle,0.0,1.0,0.0,early,1.0,0.0,0.0,middle,0.04,0.9067,0.0533,middle,0.0192,0.975,0.0058,middle,0.0775,0.76,0.1625,middle,0.0021,0.9956,0.0024,middle,0.0485,0.855,0.0965,middle,0.0013,0.9926,0.0061,middle,0.0,1.0,0.0,middle,1e-04,0.9999,1e-04,middle,0.0031,0.9893,0.0076,middle,0.0108,0.9788,0.0103
C6,153,middle,middle,0.0,1.0,0.0,early,1.0,0.0,0.0,middle,0.04,0.8967,0.0633,middle,0.0246,0.9656,0.0098,middle,0.09,0.76,0.15,middle,0.0037,0.9921,0.0042,middle,0.0841,0.7384,0.1774,middle,0.0014,0.982,0.0166,middle,0.0,1.0,0.0,middle,1e-04,0.9999,1e-04,middle,0.0035,0.986,0.0105,middle,0.0101,0.9764,0.0135
C6,154,middle,middle,0.0,1.0,0.0,early,1.0,0.0,0.0,middle,0.04,0.8967,0.0633,middle,0.0258,0.9643,0.0098,middle,0.0875,0.7675,0.145,middle,0.0021,0.9953,0.0025,middle,0.0767,0.7645,0.1589,middle,0.0023,0.9848,0.0129,middle,0.0,1.0,0.0,middle,1e-04,0.9999,1e-04,middle,0.0037,0.986,0.0102,middle,0.0108,0.976,0.0132
C6,155,middle,middle,0.0,1.0,0.0,early,1.0,0.0,0.0,middle,0.0333,0.8967,0.07,middle,0.0238,0.9668,0.0094,middle,0.085,0.75,0.165,middle,0.0023,0.9952,0.0026,middle,0.0868,0.7522,0.161,middle,0.0018,0.9692,0.029,middle,0.0,0.9999,0.0,middle,1e-04,0.9998,1e-04,middle,0.0045,0.9776,0.0179,middle,0.0103,0.969,0.0207
C6,156,middle,middle,0.0,1.0,0.0,early,1.0,0.0,0.0,middle,0.0333,0.9,0.0667,middle,0.0201,0.9723,0.0076,middle,0.0825,0.7625,0.155,middle,0.0025,0.9947,0.0029,middle,0.099,0.7362,0.1648,middle,0.0018,0.9843,0.0139,middle,0.0,0.9999,0.0,middle,1e-04,0.9998,1e-04,middle,0.0047,0.9766,0.0188,middle,0.0105,0.968,0.0215
C6,157,middle,middle,0.0,1.0,0.0,early,1.0,0.0,0.0,middle,0.04,0.8967,0.0633,middle,0.0199,0.9724,0.0077,middle,0.0825,0.77,0.1475,middle,0.0031,0.9931,0.0038,middle,0.0758,0.7662,0.158,middle,0.0031,0.8942,0.1026,middle,0.0,0.9999,0.0,middle,1e-04,0.9998,1e-04,middle,0.006,0.9571,0.0369,middle,0.0109,0.9523,0.0368
C6,158,middle,middle,0.0,1.0,0.0,early,1.0,0.0,0.0,middle,0.0267,0.91,0.0633,middle,0.0153,0.9788,0.0058,middle,0.0775,0.7475,0.175,middle,0.0024,0.9947,0.0029,middle,0.0696,0.7967,0.1337,middle,0.003,0.9613,0.0357,middle,0.0,0.9999,0.0,middle,1e-04,0.9998,1e-04,middle,0.0065,0.9504,0.043,middle,0.0114,0.9471,0.0416
C6,159,middle,middle,0.0,1.0,0.0,early,1.0,0.0,0.0,middle,0.03,0.9133,0.0567,middle,0.0103,0.9859,0.0038,middle,0.075,0.7475,0.1775,middle,0.0024,0.9947,0.0029,middle,0.0607,0.8178,0.1215,middle,0.0033,0.8599,0.1368,middle,0.0,0.9999,0.0,middle,1e-04,0.9998,1e-04,middle,0.0078,0.9169,0.0753,middle,0.0119,0.9234,0.0648
C6,160,middle,middle,0.0,1.0,0.0,early,1.0,0.0,0.0,middle,0.02,0.9567,0.0233,middle,0.0043,0.9939,0.0018,middle,0.08,0.79,0.13,middle,0.0022,0.9952,0.0025,middle,0.0543,0.8583,0.0874,middle,0.0023,0.9687,0.029,middle,0.0,1.0,0.0,middle,1e-04,0.9998,1e-04,middle,0.0069,0.9323,0.0608,middle,0.011,0.9342,0.0548
C6,161,middle,middle,0.0,1.0,0.0,late,0.0,0.0,1.0,middle,0.2367,0.5867,0.1767,middle,0.1102,0.8186,0.0712,middle,0.3025,0.5275,0.17,middle,0.2212,0.7308,0.0481,middle,0.0993,0.6031,0.2975,late,0.0051,0.3969,0.598,middle,0.0,0.9999,0.0,middle,1e-04,0.9998,1e-04,middle,0.0125,0.7649,0.2226,middle,0.015,0.8332,0.1517
C6,162,middle,middle,0.0,1.0,0.0,late,0.0,0.0,1.0,middle,0.0733,0.7533,0.1733,middle,0.0517,0.9258,0.0225,middle,0.0925,0.715,0.1925,middle,0.0441,0.9107,0.0452,middle,0.084,0.461,0.455,middle,0.003,0.8111,0.1859,middle,0.0,0.9999,1e-04,middle,1e-04,0.9998,1e-04,middle,0.0116,0.772,0.2163,middle,0.0143,0.8369,0.1489
C6,163,middle,middle,0.0,1.0,0.0,late,0.0,0.0,1.0,middle,0.0733,0.8067,0.12,middle,0.0228,0.9691,0.0081,middle,0.1025,0.7575,0.14,middle,0.0022,0.9955,0.0023,middle,0.0803,0.6589,0.2607,middle,0.006,0.5859,0.408,middle,0.0,0.9999,1e-04,middle,1e-04,0.9998,1e-04,middle,0.0128,0.7195,0.2676,middle,0.0151,0.8087,0.1762
C6,164,middle,middle,0.0,1.0,0.0,late,0.0,0.0,1.0,middle,0.0533,0.7233,0.2233,middle,0.0512,0.9181,0.0307,middle,0.0925,0.705,0.2025,middle,0.0188,0.9611,0.02,late,0.0864,0.4495,0.464,middle,0.0031,0.5653,0.4316,middle,1e-04,0.9998,1e-04,middle,1e-04,0.9998,1e-04,middle,0.0139,0.6199,0.3661,middle,0.0156,0.7573,0.2271
C6,165,middle,middle,0.0,1.0,0.0,late,0.0,0.0,1.0,middle,0.0767,0.6867,0.2367,middle,0.058,0.9145,0.0276,middle,0.1125,0.685,0.2025,middle,0.0667,0.8665,0.0668,late,0.0936,0.4216,0.4848,late,0.0048,0.2307,0.7645,middle,1e-04,0.9998,1e-04,middle,1e-04,0.9998,1e-04,late,0.0161,0.4513,0.5326,middle,0.0171,0.6713,0.3116
C6,166,middle,middle,0.0,1.0,0.0,late,0.0,0.0,1.0,middle,0.0567,0.6733,0.27,middle,0.0623,0.9069,0.0308,middle,0.085,0.6925,0.2225,middle,0.0439,0.9083,0.0478,late,0.0801,0.4574,0.4624,late,0.0025,0.2573,0.7402,middle,1e-04,0.9996,0.0002,middle,1e-04,0.9997,0.0002,late,0.0148,0.2942,0.691,middle,0.016,0.5828,0.4012
C6,167,middle,middle,0.0,1.0,0.0,late,0.0,0.0,1.0,middle,0.0667,0.6867,0.2467,middle,0.0705,0.8979,0.0316,middle,0.1175,0.68,0.2025,middle,0.0557,0.8885,0.0558,late,0.0914,0.4503,0.4583,late,0.0043,0.2222,0.7735,middle,0.0002,0.9995,0.0003,middle,1e-04,0.9997,0.0002,late,0.0139,0.1889,0.7972,middle,0.0153,0.5041,0.4806
C6,168,middle,middle,0.0,1.0,0.0,late,0.0,0.0,1.0,middle,0.0767,0.6467,0.2767,middle,0.0696,0.8875,0.0429,middle,0.1075,0.6775,0.215,middle,0.0582,0.8782,0.0636,late,0.0916,0.3721,0.5363,late,0.0015,0.0613,0.9371,middle,0.0004,0.9989,0.0007,middle,0.0002,0.9956,0.0041,late,0.0103,0.087,0.9027,late,0.0124,0.3904,0.5972
C6,169,middle,middle,0.0,1.0,0.0,late,0.0,0.0,1.0,middle,0.0933,0.61,0.2967,middle,0.0653,0.8888,0.046,middle,0.105,0.6075,0.2875,middle,0.0826,0.7175,0.1999,late,0.0827,0.3238,0.5934,late,0.0013,0.0185,0.9802,middle,0.001,0.9969,0.0021,middle,0.0005,0.9668,0.0326,late,0.0071,0.0314,0.9615,late,0.0094,0.2611,0.7295
C6,170,middle,middle,0.0,1.0,0.0,late,0.0,0.0,1.0,middle,0.0667,0.6533,0.28,middle,0.0848,0.8712,0.044,middle,0.11,0.6775,0.2125,middle,0.0796,0.8333,0.0871,late,0.0981,0.3615,0.5404,late,0.0006,0.0057,0.9937,middle,0.0044,0.9771,0.0185,late,0.0004,0.0173,0.9824,late,0.0048,0.014,0.9812,late,0.007,0.1753,0.8177
C6,171,middle,middle,0.0,1.0,0.0,late,0.0,0.0,1.0,middle,0.0667,0.6533,0.28,middle,0.0725,0.8898,0.0378,middle,0.0975,0.6775,0.225,middle,0.0582,0.8792,0.0626,late,0.0818,0.3689,0.5493,late,0.0007,0.0055,0.9938,late,0.0136,0.2638,0.7226,late,1e-04,0.0009,0.999,late,0.004,0.0093,0.9868,late,0.0061,0.1424,0.8516
C6,172,middle,middle,0.0,1.0,0.0,late,0.0,0.0,1.0,middle,0.2233,0.6467,0.13,middle,0.1397,0.8429,0.0174,middle,0.285,0.5725,0.1425,middle,0.0209,0.9709,0.0082,middle,0.0862,0.7129,0.2009,late,0.0006,0.0021,0.9973,late,0.0135,0.0598,0.9266,late,1e-04,0.0002,0.9998,late,0.004,0.0092,0.9868,late,0.0061,0.1372,0.8567
C6,173,middle,middle,0.0,1.0,0.0,late,0.0,0.0,1.0,middle,0.0667,0.71,0.2233,middle,0.0644,0.9042,0.0313,middle,0.1025,0.675,0.2225,middle,0.0192,0.9601,0.0207,late,0.0848,0.4287,0.4864,late,0.0003,0.0017,0.998,late,0.0069,0.0267,0.9664,late,1e-04,0.0002,0.9998,late,0.0033,0.0071,0.9896,late,0.0053,0.1274,0.8673
C6,174,middle,middle,0.0,1.0,0.0,late,0.0,0.0,1.0,middle,0.0733,0.6667,0.26,middle,0.0832,0.8768,0.04,middle,0.1225,0.655,0.2225,middle,0.0806,0.8386,0.0808,late,0.0838,0.3749,0.5413,late,0.0003,0.0011,0.9986,late,0.0044,0.0143,0.9813,late,0.0,0.0002,0.9998,late,0.0032,0.0065,0.9904,late,0.0051,0.1249,0.87
C6,175,middle,middle,0.0,1.0,0.0,late,0.0,0.0,1.0,middle,0.0633,0.7033,0.2333,middle,0.0741,0.8963,0.0297,middle,0.095,0.695,0.21,middle,0.0481,0.9001,0.0517,middle,0.0908,0.4821,0.427,late,0.0002,0.0009,0.9989,late,0.0029,0.008,0.9891,late,0.0,1e-04,0.9998,late,0.0028,0.0056,0.9916,late,0.0047,0.1209,0.8744
C6,176,middle,late,0.0,0.0,1.0,late,0.0,0.0,1.0,middle,0.0533,0.7267,0.22,middle,0.0579,0.9177,0.0244,middle,0.0925,0.6925,0.215,middle,0.0582,0.8792,0.0626,late,0.083,0.439,0.478,late,0.0003,0.0015,0.9981,late,0.0028,0.0078,0.9894,late,0.0,0.0002,0.9998,late,0.0032,0.0066,0.9902,late,0.0051,0.1258,0.8691
C6,177,middle,late,0.0,0.0,1.0,late,0.0,0.0,1.0,middle,0.0433,0.7533,0.2033,middle,0.0592,0.9194,0.0214,middle,0.085,0.72,0.195,middle,0.018,0.9618,0.0202,middle,0.0763,0.5674,0.3563,late,0.0002,0.0008,0.9991,late,0.0028,0.0087,0.9885,late,0.0,1e-04,0.9998,late,0.0029,0.0058,0.9913,late,0.0047,0.1218,0.8734
C6,178,middle,late,0.0,0.0,1.0,late,0.0,0.0,1.0,middle,0.0433,0.7133,0.2433,middle,0.0641,0.9057,0.0302,middle,0.09,0.695,0.215,middle,0.0546,0.8826,0.0628,late,0.0775,0.4404,0.4822,late,0.0002,0.0011,0.9987,late,0.0023,0.0067,0.9911,late,0.0,0.0002,0.9998,late,0.0029,0.0058,0.9913,late,0.0048,0.1222,0.8731
C6,179,middle,late,0.0,0.0,1.0,late,0.0,0.0,1.0,middle,0.0333,0.76,0.2067,middle,0.047,0.9351,0.0179,middle,0.0725,0.725,0.2025,middle,0.018,0.9618,0.0202,middle,0.0615,0.5731,0.3655,late,1e-04,0.0008,0.9991,late,0.0023,0.0075,0.9903,late,0.0,0.0002,0.9998,late,0.0028,0.0056,0.9916,late,0.0046,0.1213,0.874
C6,180,middle,late,0.0,0.0,1.0,late,0.0,0.0,1.0,middle,0.05,0.81,0.14,middle,0.0375,0.9497,0.0128,middle,0.07,0.7275,0.2025,middle,0.018,0.9613,0.0207,middle,0.0632,0.6562,0.2806,late,0.0004,0.0019,0.9977,late,0.0033,0.0148,0.9819,late,1e-04,0.0002,0.9998,late,0.0032,0.007,0.9898,late,0.0052,0.1282,0.8667
C6,181,middle,late,0.0,0.0,1.0,late,0.0,0.0,1.0,middle,0.04,0.8167,0.1433,middle,0.0331,0.9553,0.0115,middle,0.0675,0.7375,0.195,middle,0.0027,0.9942,0.003,middle,0.0578,0.6531,0.2891,late,0.0002,0.0011,0.9988,late,0.0044,0.0287,0.9669,late,1e-04,0.0002,0.9997,late,0.0031,0.007,0.9899,late,0.005,0.128,0.867
C6,182,middle,late,0.0,0.0,1.0,late,0.0,0.0,1.0,middle,0.04,0.83,0.13,middle,0.0355,0.954,0.0105,middle,0.0675,0.7325,0.2,middle,0.0023,0.9953,0.0025,middle,0.0496,0.7139,0.2365,late,0.0002,0.0013,0.9984,late,0.007,0.0721,0.921,late,1e-04,0.0002,0.9997,late,0.0031,0.0072,0.9897,late,0.005,0.1287,0.8663
C6,183,middle,late,0.0,0.0,1.0,late,0.0,0.0,1.0,middle,0.3933,0.4667,0.14,middle,0.3743,0.5902,0.0355,middle,0.3725,0.46,0.1675,early,0.6913,0.2705,0.0383,middle,0.1871,0.5381,0.2748,late,0.0007,0.0021,0.9972,late,0.0268,0.2479,0.7252,late,1e-04,0.0003,0.9996,late,0.0039,0.0106,0.9856,late,0.006,0.14,0.8541
C6,184,middle,late,0.0,0.0,1.0,late,0.0,0.0,1.0,middle,0.05,0.8233,0.1267,middle,0.032,0.9567,0.0113,middle,0.075,0.72,0.205,middle,0.0021,0.9955,0.0024,middle,0.0405,0.732,0.2275,late,0.0003,0.0019,0.9978,late,0.0179,0.2282,0.7539,late,1e-04,0.0003,0.9996,late,0.0035,0.01,0.9865,late,0.0055,0.1391,0.8553
C6,185,middle,late,0.0,0.0,1.0,late,0.0,0.0,1.0,middle,0.0267,0.8433,0.13,middle,0.0281,0.9633,0.0086,middle,0.07,0.7275,0.2025,middle,0.0021,0.9955,0.0024,middle,0.0493,0.7423,0.2084,late,0.0004,0.0024,0.9972,late,0.0168,0.446,0.5372,late,1e-04,0.001,0.999,late,0.0039,0.0116,0.9845,late,0.0059,0.1443,0.8497
C6,186,middle,late,0.0,0.0,1.0,late,0.0,0.0,1.0,middle,0.0267,0.8433,0.13,middle,0.0292,0.9621,0.0086,middle,0.0675,0.725,0.2075,middle,0.0022,0.9954,0.0024,middle,0.0543,0.7047,0.241,late,0.0003,0.0026,0.9971,middle,0.013,0.749,0.238,late,1e-04,0.0012,0.9987,late,0.0041,0.0141,0.9818,late,0.0062,0.151,0.8428
C6,187,middle,late,0.0,0.0,1.0,late,0.0,0.0,1.0,middle,0.0467,0.8133,0.14,middle,0.0242,0.9667,0.0092,middle,0.065,0.7025,0.2325,middle,0.0021,0.9954,0.0025,middle,0.064,0.621,0.315,late,0.0009,0.0066,0.9925,middle,0.0096,0.8537,0.1368,late,0.0004,0.0301,0.9695,late,0.0049,0.0188,0.9763,late,0.0071,0.1609,0.832
C6,188,middle,late,0.0,0.0,1.0,late,0.0,0.0,1.0,middle,0.04,0.8267,0.1333,middle,0.0224,0.9707,0.0069,middle,0.0725,0.6875,0.24,middle,0.0023,0.9944,0.0033,middle,0.0537,0.7345,0.2118,late,0.0006,0.0102,0.9893,middle,0.0044,0.9627,0.0329,late,0.0009,0.2155,0.7836,late,0.0059,0.0339,0.9602,late,0.0081,0.1838,0.8081
C6,189,middle,late,0.0,0.0,1.0,late,0.0,0.0,1.0,middle,0.0467,0.8233,0.13,middle,0.023,0.9701,0.0069,middle,0.0725,0.6925,0.235,middle,0.0023,0.9944,0.0033,middle,0.0554,0.7194,0.2252,late,0.0009,0.0154,0.9837,middle,0.0022,0.9881,0.0097,middle,0.0005,0.9528,0.0466,late,0.0063,0.0409,0.9528,late,0.0086,0.1922,0.7992
C6,190,middle,late,0.0,0.0,1.0,late,0.0,0.0,1.0,middle,0.0233,0.8333,0.1433,middle,0.0232,0.9707,0.0061,middle,0.07,0.67,0.26,middle,0.0022,0.9944,0.0035,middle,0.0358,0.7713,0.1929,late,0.0006,0.0212,0.9782,middle,0.0008,0.9972,0.002,middle,0.0002,0.995,0.0048,late,0.008,0.0777,0.9144,late,0.0101,0.2264,0.7635
C6,191,middle,late,0.0,0.0,1.0,early,1.0,0.0,0.0,middle,0.0267,0.9067,0.0667,middle,0.0123,0.9845,0.0032,middle,0.07,0.7025,0.2275,middle,0.0024,0.9936,0.004,middle,0.0395,0.8675,0.093,late,0.0036,0.142,0.8543,middle,0.0003,0.9993,0.0005,middle,1e-04,0.9993,0.0006,late,0.0124,0.2486,0.739,late,0.0139,0.3351,0.651
C6,192,middle,late,0.0,0.0,1.0,early,1.0,0.0,0.0,middle,0.0333,0.9067,0.06,middle,0.0109,0.9863,0.0028,middle,0.0675,0.725,0.2075,middle,0.0024,0.9939,0.0036,middle,0.0359,0.8917,0.0724,late,0.0021,0.2648,0.7332,middle,1e-04,0.9997,0.0002,middle,1e-04,0.9996,0.0003,middle,0.0125,0.5569,0.4307,middle,0.0142,0.4945,0.4914
C6,193,middle,late,0.0,0.0,1.0,late,0.0,0.0,1.0,middle,0.06,0.79,0.15,middle,0.0283,0.9573,0.0144,middle,0.085,0.79,0.125,middle,0.0021,0.9954,0.0025,middle,0.0704,0.7167,0.2129,late,0.0031,0.4165,0.5804,middle,1e-04,0.9998,1e-04,middle,1e-04,0.9998,0.0002,middle,0.0111,0.7143,0.2746,middle,0.0135,0.597,0.3895
C6,194,middle,late,0.0,0.0,1.0,late,0.0,0.0,1.0,middle,0.0533,0.8267,0.12,middle,0.0207,0.9745,0.0048,middle,0.0725,0.76,0.1675,middle,0.002,0.9955,0.0024,middle,0.0193,0.8624,0.1183,middle,0.0014,0.7066,0.292,middle,1e-04,0.9999,1e-04,middle,1e-04,0.9998,1e-04,middle,0.0082,0.8529,0.1389,middle,0.0115,0.7642,0.2244
C6,195,middle,late,0.0,0.0,1.0,late,0.0,0.0,1.0,middle,0.0533,0.8333,0.1133,middle,0.0196,0.9761,0.0043,middle,0.0675,0.7225,0.21,middle,0.0023,0.9941,0.0036,middle,0.0247,0.8486,0.1267,middle,0.0007,0.9484,0.0509,middle,0.0,0.9999,1e-04,middle,1e-04,0.9998,1e-04,middle,0.0054,0.9376,0.0569,middle,0.0093,0.922,0.0687
C6,196,middle,late,0.0,0.0,1.0,late,0.0,0.0,1.0,middle,0.0567,0.83,0.1133,middle,0.0233,0.972,0.0047,middle,0.0625,0.705,0.2325,middle,0.0059,0.9826,0.0114,middle,0.0223,0.859,0.1187,middle,0.0003,0.9825,0.0173,middle,0.0,0.9999,0.0,middle,1e-04,0.9998,1e-04,middle,0.0035,0.9741,0.0224,middle,0.008,0.9665,0.0255
C6,197,middle,late,0.0,0.0,1.0,late,0.0,0.0,1.0,middle,0.0533,0.8,0.1467,middle,0.0245,0.9708,0.0047,middle,0.0675,0.685,0.2475,middle,0.0069,0.9794,0.0137,middle,0.022,0.8293,0.1488,middle,0.0002,0.9939,0.006,middle,0.0,0.9999,0.0,middle,1e-04,0.9999,1e-04,middle,0.0029,0.9825,0.0146,middle,0.008,0.9744,0.0176
C6,198,middle,late,0.0,0.0,1.0,late,0.0,0.0,1.0,middle,0.03,0.83,0.14,middle,0.0216,0.9745,0.004,middle,0.06,0.6925,0.2475,middle,0.0075,0.9769,0.0156,middle,0.0186,0.8728,0.1086,middle,0.0,0.9982,0.0018,middle,0.0,1.0,0.0,middle,1e-04,0.9999,1e-04,middle,0.0023,0.9881,0.0095,middle,0.0078,0.9797,0.0125
C6,199,middle,late,0.0,0.0,1.0,late,0.0,0.0,1.0,middle,0.04,0.81,0.15,middle,0.0228,0.9729,0.0043,middle,0.06,0.7425,0.1975,middle,0.0066,0.9806,0.0128,middle,0.0218,0.8669,0.1113,middle,0.0,0.9995,0.0005,middle,0.0,1.0,0.0,middle,1e-04,0.9999,1e-04,middle,0.002,0.9917,0.0063,middle,0.0079,0.983,0.0091
C6,200,middle,late,0.0,0.0,1.0,late,0.0,0.0,1.0,middle,0.0267,0.8233,0.15,middle,0.022,0.9739,0.0041,middle,0.0575,0.7,0.2425,middle,0.0079,0.9758,0.0163,middle,0.0213,0.8605,0.1182,middle,0.0,0.9997,0.0003,middle,0.0,1.0,0.0,middle,1e-04,0.9999,1e-04,middle,0.0018,0.993,0.0052,middle,0.0081,0.9841,0.0078
C6,201,middle,late,0.0,0.0,1.0,late,0.0,0.0,1.0,middle,0.0267,0.8133,0.16,middle,0.0234,0.9724,0.0043,middle,0.065,0.69,0.245,middle,0.008,0.9752,0.0168,middle,0.0201,0.8397,0.1402,middle,0.0,0.9998,0.0002,middle,0.0,1.0,0.0,middle,1e-04,0.9999,1e-04,middle,0.0017,0.9931,0.0052,middle,0.0083,0.9841,0.0077
C6,202,middle,late,0.0,0.0,1.0,late,0.0,0.0,1.0,middle,0.0367,0.81,0.1533,middle,0.0243,0.9715,0.0042,middle,0.055,0.6975,0.2475,middle,0.0079,0.9752,0.0168,middle,0.0185,0.8665,0.115,middle,0.0,0.9999,1e-04,middle,0.0,1.0,0.0,middle,1e-04,0.9999,1e-04,middle,0.0016,0.9938,0.0046,middle,0.0084,0.9846,0.007
C6,203,middle,late,0.0,0.0,1.0,late,0.0,0.0,1.0,middle,0.0267,0.75,0.2233,middle,0.0267,0.9682,0.0051,middle,0.0625,0.68,0.2575,middle,0.0083,0.9748,0.0169,middle,0.0184,0.7644,0.2172,middle,0.0,0.9998,0.0002,middle,0.0,1.0,0.0,middle,1e-04,0.9999,1e-04,middle,0.0018,0.9926,0.0056,middle,0.0081,0.9838,0.0082
C6,204,middle,late,0.0,0.0,1.0,late,0.0,0.0,1.0,middle,0.1067,0.76,0.1333,middle,0.1111,0.8639,0.0251,middle,0.1475,0.7,0.1525,middle,0.0029,0.994,0.0031,middle,0.0416,0.8565,0.102,middle,0.0,0.9997,0.0003,middle,0.0,1.0,0.0,middle,1e-04,0.9999,1e-04,middle,0.0016,0.9939,0.0044,middle,0.0087,0.9846,0.0068
C6,205,middle,late,0.0,0.0,1.0,late,0.0,0.0,1.0,middle,0.0267,0.8233,0.15,middle,0.0308,0.9613,0.008,middle,0.055,0.6525,0.2925,middle,0.0085,0.9729,0.0186,middle,0.0145,0.7247,0.2608,middle,0.0,0.9995,0.0005,middle,0.0,1.0,0.0,middle,1e-04,0.9999,1e-04,middle,0.002,0.9913,0.0067,middle,0.0079,0.9827,0.0094
C6,206,middle,late,0.0,0.0,1.0,late,0.0,0.0,1.0,middle,0.0267,0.78,0.1933,middle,0.026,0.9691,0.0049,middle,0.06,0.6525,0.2875,middle,0.0085,0.9729,0.0186,middle,0.0234,0.7475,0.2291,middle,0.0,0.9994,0.0006,middle,0.0,1.0,0.0,middle,1e-04,0.9999,1e-04,middle,0.002,0.9908,0.0071,middle,0.0078,0.9822,0.01
C6,207,middle,late,0.0,0.0,1.0,late,0.0,0.0,1.0,middle,0.0267,0.8267,0.1467,middle,0.0212,0.9744,0.0043,middle,0.055,0.665,0.28,middle,0.0085,0.9724,0.0191,middle,0.0252,0.7594,0.2153,middle,0.0,0.9975,0.0025,middle,0.0,1.0,0.0,middle,1e-04,0.9999,1e-04,middle,0.0026,0.9858,0.0117,middle,0.0078,0.9775,0.0147
C6,208,middle,late,0.0,0.0,1.0,late,0.0,0.0,1.0,middle,0.0467,0.71,0.2433,middle,0.0255,0.9698,0.0047,middle,0.05,0.67,0.28,middle,0.0082,0.9736,0.0182,middle,0.0222,0.7786,0.1993,middle,0.0,0.998,0.0019,middle,0.0,1.0,0.0,middle,1e-04,0.9999,1e-04,middle,0.0024,0.9877,0.0099,middle,0.0078,0.9793,0.0129
C6,209,middle,late,0.0,0.0,1.0,late,0.0,0.0,1.0,middle,0.03,0.78,0.19,middle,0.0214,0.9745,0.004,middle,0.055,0.655,0.29,middle,0.0084,0.9736,0.018,middle,0.0256,0.7966,0.1778,middle,0.0,0.9919,0.0081,middle,0.0,1.0,0.0,middle,1e-04,0.9999,1e-04,middle,0.003,0.9797,0.0172,middle,0.008,0.972,0.0201
C6,210,middle,late,0.0,0.0,1.0,late,0.0,0.0,1.0,middle,0.05,0.66,0.29,middle,0.0257,0.9695,0.0048,middle,0.0525,0.65,0.2975,middle,0.0086,0.9729,0.0185,middle,0.0231,0.7749,0.202,middle,1e-04,0.9907,0.0092,middle,0.0,1.0,0.0,middle,1e-04,0.9999,1e-04,middle,0.0034,0.9747,0.0219,middle,0.0081,0.9676,0.0244
C6,211,middle,late,0.0,0.0,1.0,late,0.0,0.0,1.0,middle,0.06,0.63,0.31,middle,0.0263,0.9686,0.0051,middle,0.05,0.64,0.31,middle,0.0086,0.9729,0.0185,middle,0.0225,0.7557,0.2218,middle,1e-04,0.9037,0.0961,middle,0.0,0.9999,0.0,middle,1e-04,0.9998,1e-04,middle,0.0052,0.9388,0.0559,middle,0.0093,0.9396,0.0512
C6,212,middle,late,0.0,0.0,1.0,late,0.0,0.0,1.0,middle,0.0467,0.6433,0.31,middle,0.0252,0.9684,0.0064,middle,0.0525,0.6125,0.335,middle,0.0086,0.9729,0.0185,middle,0.0251,0.6493,0.3255,middle,0.0002,0.9279,0.0719,middle,0.0,0.9999,0.0,middle,1e-04,0.9998,1e-04,middle,0.0061,0.9193,0.0746,middle,0.0099,0.9258,0.0643
C6,213,middle,late,0.0,0.0,1.0,late,0.0,0.0,1.0,middle,0.0467,0.6133,0.34,middle,0.0227,0.9721,0.0053,middle,0.055,0.635,0.31,middle,0.0086,0.9729,0.0185,middle,0.0241,0.7004,0.2756,middle,0.0002,0.6848,0.315,middle,0.0,0.9999,1e-04,middle,1e-04,0.9998,1e-04,middle,0.0092,0.8013,0.1895,middle,0.012,0.8542,0.1338
C6,214,middle,late,0.0,0.0,1.0,late,0.0,0.0,1.0,middle,0.0467,0.5533,0.4,middle,0.0273,0.966,0.0067,middle,0.0575,0.595,0.3475,middle,0.0087,0.9726,0.0187,middle,0.0197,0.6396,0.3408,late,0.0003,0.4289,0.5708,middle,0.0,0.9999,1e-04,middle,1e-04,0.9998,1e-04,middle,0.012,0.5013,0.4867,middle,0.0137,0.7002,0.2862
C6,215,middle,late,0.0,0.0,1.0,late,0.0,0.0,1.0,middle,0.2133,0.6467,0.14,middle,0.2128,0.7458,0.0414,middle,0.28,0.565,0.155,middle,0.0892,0.8739,0.0369,middle,0.0857,0.852,0.0623,late,0.0007,0.4639,0.5354,middle,1e-04,0.9998,1e-04,middle,1e-04,0.9998,1e-04,middle,0.0093,0.7751,0.2156,middle,0.012,0.8381,0.1499
C6,216,middle,late,0.0,0.0,1.0,late,0.0,0.0,1.0,middle,0.0433,0.5633,0.3933,middle,0.0503,0.9137,0.036,middle,0.0575,0.61,0.3325,middle,0.0088,0.9721,0.019,middle,0.0094,0.5229,0.4677,late,0.0002,0.1529,0.8469,middle,1e-04,0.9997,0.0002,middle,1e-04,0.9997,0.0002,late,0.0112,0.3042,0.6846,middle,0.0127,0.5964,0.3908
C6,217,middle,late,0.0,0.0,1.0,late,0.0,0.0,1.0,middle,0.0467,0.5733,0.38,middle,0.027,0.9668,0.0061,middle,0.0625,0.61,0.3275,middle,0.0088,0.9721,0.019,middle,0.0197,0.663,0.3174,late,0.0003,0.2357,0.764,middle,1e-04,0.9997,0.0002,middle,1e-04,0.9998,1e-04,late,0.0115,0.3238,0.6646,middle,0.0131,0.5975,0.3894
C6,218,middle,late,0.0,0.0,1.0,late,0.0,0.0,1.0,middle,0.0433,0.5633,0.3933,middle,0.0232,0.9692,0.0076,middle,0.0575,0.595,0.3475,middle,0.0088,0.9721,0.019,middle,0.0223,0.6329,0.3448,late,0.0,0.0143,0.9857,middle,1e-04,0.9997,0.0002,middle,1e-04,0.9987,0.0012,late,0.008,0.1068,0.8852,late,0.0101,0.4402,0.5497
C6,219,middle,late,0.0,0.0,1.0,late,0.0,0.0,1.0,middle,0.05,0.56,0.39,middle,0.0256,0.9668,0.0076,middle,0.05,0.5975,0.3525,middle,0.0088,0.9721,0.019,middle,0.0219,0.57,0.4082,late,0.0003,0.0987,0.9009,middle,0.0002,0.9995,0.0003,middle,1e-04,0.9996,0.0003,late,0.0098,0.1701,0.8201,late,0.0116,0.4487,0.5396
C6,220,middle,late,0.0,0.0,1.0,late,0.0,0.0,1.0,middle,0.05,0.5633,0.3867,middle,0.0246,0.9671,0.0083,middle,0.045,0.57,0.385,middle,0.009,0.9712,0.0197,middle,0.0213,0.5673,0.4114,late,0.0,0.0033,0.9967,middle,0.0003,0.9991,0.0006,middle,0.0006,0.9561,0.0433,late,0.0057,0.0457,0.9486,late,0.0078,0.2901,0.7021
C6,221,middle,late,0.0,0.0,1.0,late,0.0,0.0,1.0,middle,0.0467,0.5433,0.41,middle,0.0251,0.964,0.0109,middle,0.0425,0.4825,0.475,middle,0.0148,0.7575,0.2277,late,0.0201,0.4848,0.4951,late,0.0,0.0064,0.9935,middle,0.0006,0.9969,0.0025,middle,0.0002,0.9924,0.0074,late,0.0044,0.0244,0.9712,late,0.0065,0.2089,0.7846
C6,222,middle,late,0.0,0.0,1.0,late,0.0,0.0,1.0,middle,0.04,0.5167,0.4433,middle,0.0226,0.9675,0.0099,late,0.045,0.4575,0.4975,middle,0.0149,0.7192,0.266,middle,0.0154,0.5287,0.4559,late,0.0,0.0004,0.9996,middle,0.0016,0.9769,0.0215,late,0.0005,0.039,0.9605,late,0.0032,0.0116,0.9852,late,0.005,0.1575,0.8375
C6,223,middle,late,0.0,0.0,1.0,late,0.0,0.0,1.0,middle,0.0533,0.5333,0.4133,middle,0.0267,0.9665,0.0069,middle,0.05,0.5025,0.4475,middle,0.015,0.7357,0.2492,middle,0.0141,0.6967,0.2892,late,0.0,0.0029,0.9971,middle,0.0029,0.9172,0.0799,late,0.0009,0.3553,0.6438,late,0.0035,0.0142,0.9823,late,0.0055,0.1576,0.837
C6,224,middle,late,0.0,0.0,1.0,late,0.0,0.0,1.0,middle,0.0533,0.5533,0.3933,middle,0.0227,0.9694,0.0079,middle,0.0475,0.5075,0.445,middle,0.0148,0.7317,0.2535,middle,0.0159,0.6866,0.2975,late,0.0,0.0004,0.9996,middle,0.0032,0.8956,0.1013,late,0.0002,0.0063,0.9936,late,0.0029,0.0099,0.9872,late,0.0047,0.1433,0.8519
C6,225,late,late,0.0,0.0,1.0,late,0.0,0.0,1.0,late,0.0133,0.4133,0.5733,middle,0.0165,0.801,0.1825,late,0.045,0.3475,0.6075,middle,0.0165,0.7052,0.2782,late,0.0122,0.1243,0.8635,late,0.0,0.0002,0.9998,late,0.003,0.1515,0.8455,late,1e-04,0.0044,0.9955,late,0.0024,0.0064,0.9912,late,0.0041,0.1283,0.8676
C6,226,late,late,0.0,0.0,1.0,late,0.0,0.0,1.0,late,0.0167,0.3967,0.5867,middle,0.0253,0.9309,0.0438,late,0.0325,0.4575,0.51,middle,0.015,0.724,0.261,late,0.0067,0.2712,0.7221,late,0.0,1e-04,0.9999,late,0.0011,0.0193,0.9796,late,1e-04,0.0003,0.9996,late,0.0022,0.0053,0.9925,late,0.0038,0.1222,0.874
C6,227,late,late,0.0,0.0,1.0,late,0.0,0.0,1.0,late,0.0133,0.41,0.5767,middle,0.0242,0.9323,0.0435,late,0.035,0.46,0.505,middle,0.015,0.724,0.261,late,0.0074,0.274,0.7186,late,0.0,0.0,1.0,late,0.0004,0.0028,0.9968,late,0.0,0.0002,0.9997,late,0.0019,0.004,0.9941,late,0.0034,0.1133,0.8833
C6,228,late,late,0.0,0.0,1.0,late,0.0,0.0,1.0,late,0.0067,0.4133,0.58,middle,0.0252,0.9152,0.0596,late,0.04,0.3525,0.6075,middle,0.0145,0.7038,0.2817,late,0.0063,0.168,0.8257,late,0.0,0.0,1.0,late,0.0002,0.0014,0.9983,late,0.0,1e-04,0.9998,late,0.0019,0.0038,0.9943,late,0.0034,0.1121,0.8846
C6,229,late,late,0.0,0.0,1.0,late,0.0,0.0,1.0,late,0.0033,0.4167,0.58,middle,0.025,0.8695,0.1055,late,0.0325,0.315,0.6525,middle,0.0144,0.6989,0.2866,late,0.0048,0.1375,0.8576,late,0.0,0.0,1.0,late,1e-04,0.0006,0.9993,late,0.0,1e-04,0.9999,late,0.0018,0.0035,0.9947,late,0.0033,0.1093,0.8874
C6,230,late,late,0.0,0.0,1.0,late,0.0,0.0,1.0,late,0.0067,0.4067,0.5867,middle,0.0209,0.8592,0.12,late,0.0275,0.285,0.6875,middle,0.0164,0.6581,0.3255,late,0.0052,0.1169,0.8779,late,0.0,0.0,1.0,late,1e-04,0.0003,0.9996,late,0.0,1e-04,0.9999,late,0.0017,0.0033,0.995,late,0.0032,0.1076,0.8892
C6,231,late,late,0.0,0.0,1.0,late,0.0,0.0,1.0,late,0.0033,0.4133,0.5833,middle,0.0232,0.8374,0.1394,late,0.0175,0.1975,0.785,late,0.0011,0.0093,0.9895,late,0.0039,0.1174,0.8787,late,0.0,0.0,1.0,late,1e-04,0.0002,0.9997,late,0.0,1e-04,0.9999,late,0.0017,0.0032,0.9951,late,0.0031,0.1064,0.8905
C6,232,late,late,0.0,0.0,1.0,late,0.0,0.0,1.0,late,0.0067,0.4067,0.5867,middle,0.0217,0.7674,0.2109,late,0.02,0.175,0.805,late,0.0011,0.0036,0.9953,late,0.0033,0.062,0.9347,late,0.0,0.0,1.0,late,1e-04,1e-04,0.9998,late,0.0,1e-04,0.9999,late,0.0017,0.003,0.9953,late,0.0031,0.1054,0.8915
C6,233,late,late,0.0,0.0,1.0,late,0.0,0.0,1.0,late,0.0033,0.4033,0.5933,middle,0.0235,0.8306,0.1459,late,0.015,0.1925,0.7925,late,0.0011,0.039,0.9599,late,0.0044,0.121,0.8746,late,0.0,0.0,1.0,late,0.0,1e-04,0.9998,late,0.0,1e-04,0.9999,late,0.0017,0.0029,0.9954,late,0.0031,0.1038,0.8931
C6,234,late,late,0.0,0.0,1.0,late,0.0,0.0,1.0,late,0.0067,0.4033,0.59,middle,0.0232,0.7994,0.1775,late,0.015,0.17,0.815,late,0.0011,0.0077,0.9913,late,0.0037,0.0922,0.9041,late,0.0,0.0,1.0,late,0.0,1e-04,0.9998,late,0.0,1e-04,0.9999,late,0.0017,0.0029,0.9955,late,0.0031,0.1029,0.8941
C6,235,late,late,0.0,0.0,1.0,late,0.0,0.0,1.0,late,0.0033,0.3867,0.61,middle,0.02,0.7632,0.2168,late,0.015,0.16,0.825,late,0.0011,0.0071,0.9918,late,0.0049,0.1208,0.8742,late,0.0,0.0,1.0,late,0.0,1e-04,0.9998,late,0.0,1e-04,0.9999,late,0.0016,0.0028,0.9956,late,0.003,0.1017,0.8953
C6,236,late,late,0.0,0.0,1.0,late,0.0,0.0,1.0,middle,0.0533,0.51,0.4367,middle,0.0938,0.8661,0.0401,late,0.065,0.41,0.525,middle,0.0156,0.855,0.1293,middle,0.048,0.5832,0.3688,late,0.0,0.0,1.0,late,0.0002,0.0005,0.9993,late,0.0,1e-04,0.9999,late,0.0016,0.0028,0.9956,late,0.003,0.1008,0.8962
C6,237,late,late,0.0,0.0,1.0,late,0.0,0.0,1.0,late,0.0067,0.4067,0.5867,late,0.0286,0.461,0.5104,late,0.015,0.1625,0.8225,late,0.0011,0.0029,0.996,late,0.0016,0.0361,0.9623,late,0.0,0.0,1.0,late,1e-04,1e-04,0.9998,late,0.0,1e-04,0.9999,late,0.0016,0.0028,0.9956,late,0.003,0.1009,0.8961
C6,238,late,late,0.0,0.0,1.0,late,0.0,0.0,1.0,late,0.0067,0.3967,0.5967,late,0.0191,0.6484,0.3325,late,0.0175,0.155,0.8275,late,0.0011,0.0021,0.9968,late,0.0025,0.0355,0.962,late,0.0,0.0,1.0,late,0.0,1e-04,0.9999,late,0.0,1e-04,0.9999,late,0.0017,0.0027,0.9956,late,0.0031,0.101,0.8959
C6,239,late,late,0.0,0.0,1.0,late,0.0,0.0,1.0,late,0.0067,0.3767,0.6167,middle,0.0203,0.6671,0.3127,late,0.0175,0.1675,0.815,late,0.0011,0.0023,0.9966,late,0.0036,0.0757,0.9208,late,0.0,0.0,1.0,late,0.0,1e-04,0.9999,late,0.0,1e-04,0.9999,late,0.0016,0.0027,0.9957,late,0.003,0.1002,0.8968
C6,240,late,late,0.0,0.0,1.0,late,0.0,0.0,1.0,late,0.0067,0.3767,0.6167,middle,0.021,0.8225,0.1565,late,0.03,0.1975,0.7725,late,0.0011,0.004,0.9949,late,0.0057,0.1758,0.8185,late,0.0,0.0,1.0,late,0.0,1e-04,0.9998,late,0.0,1e-04,0.9999,late,0.0017,0.0027,0.9956,late,0.0031,0.1008,0.8961
C6,241,late,late,0.0,0.0,1.0,late,0.0,0.0,1.0,late,0.01,0.3767,0.6133,middle,0.0199,0.687,0.2931,late,0.0175,0.1575,0.825,late,0.0012,0.0027,0.9961,late,0.004,0.0613,0.9347,late,0.0,0.0,1.0,late,0.0,1e-04,0.9999,late,0.0,1e-04,0.9999,late,0.0016,0.0027,0.9957,late,0.003,0.0999,0.897
C6,242,late,late,0.0,0.0,1.0,late,0.0,0.0,1.0,late,0.0067,0.38,0.6133,late,0.0182,0.614,0.3677,late,0.015,0.1525,0.8325,late,0.0011,0.0022,0.9967,late,0.0037,0.0503,0.946,late,0.0,0.0,1.0,late,0.0,1e-04,0.9999,late,0.0,1e-04,0.9999,late,0.0017,0.0027,0.9957,late,0.0031,0.1003,0.8966
C6,243,late,late,0.0,0.0,1.0,late,0.0,0.0,1.0,late,0.0067,0.39,0.6033,late,0.0172,0.5575,0.4253,late,0.025,0.1525,0.8225,late,0.0011,0.0022,0.9967,late,0.0037,0.0429,0.9534,late,0.0,0.0,1.0,late,0.0,1e-04,0.9999,late,0.0,1e-04,0.9999,late,0.0016,0.0026,0.9957,late,0.003,0.0999,0.897
C6,244,late,late,0.0,0.0,1.0,late,0.0,0.0,1.0,late,0.0067,0.36,0.6333,late,0.0142,0.4478,0.538,late,0.02,0.1425,0.8375,late,0.0011,0.002,0.9969,late,0.0029,0.0354,0.9618,late,0.0,0.0,1.0,late,0.0,1e-04,0.9999,late,0.0,1e-04,0.9999,late,0.0017,0.0027,0.9956,late,0.0031,0.1011,0.8958
C6,245,late,late,0.0,0.0,1.0,late,0.0,0.0,1.0,late,0.0067,0.3767,0.6167,late,0.0169,0.5382,0.4448,late,0.0175,0.1575,0.825,late,0.0012,0.002,0.9968,late,0.0035,0.0611,0.9354,late,0.0,0.0,1.0,late,0.0,1e-04,0.9999,late,0.0,1e-04,0.9999,late,0.0016,0.0026,0.9957,late,0.003,0.0999,0.8971
C6,246,late,late,0.0,0.0,1.0,late,0.0,0.0,1.0,middle,0.07,0.59,0.34,middle,0.1366,0.7152,0.1482,late,0.1125,0.43,0.4575,middle,0.0478,0.8162,0.136,middle,0.1107,0.7171,0.1722,late,0.0,0.0,1.0,late,0.0002,0.0004,0.9994,late,0.0,1e-04,0.9999,late,0.0017,0.0027,0.9956,late,0.0031,0.1004,0.8965
C6,247,late,late,0.0,0.0,1.0,late,0.0,0.0,1.0,late,0.0033,0.32,0.6767,late,0.0242,0.1789,0.7969,late,0.02,0.125,0.855,late,0.001,0.0018,0.9972,late,0.0023,0.0206,0.9771,late,0.0,0.0,1.0,late,0.0,1e-04,0.9999,late,0.0,1e-04,0.9999,late,0.0017,0.0027,0.9956,late,0.0031,0.1001,0.8968
C6,248,late,late,0.0,0.0,1.0,late,0.0,0.0,1.0,late,0.0067,0.3633,0.63,late,0.0172,0.5853,0.3975,late,0.0225,0.1525,0.825,late,0.0012,0.0022,0.9967,late,0.0049,0.0773,0.9177,late,0.0,0.0,1.0,late,0.0,1e-04,0.9999,late,0.0,1e-04,0.9999,late,0.0017,0.0026,0.9957,late,0.0031,0.1004,0.8965
C6,249,late,late,0.0,0.0,1.0,late,0.0,0.0,1.0,late,0.0033,0.35,0.6467,late,0.012,0.3895,0.5985,late,0.0225,0.13,0.8475,late,0.0011,0.0019,0.9969,late,0.0033,0.0385,0.9582,late,0.0,0.0,1.0,late,0.0,1e-04,0.9999,late,0.0,1e-04,0.9999,late,0.0017,0.0026,0.9957,late,0.0031,0.0996,0.8974
C6,250,late,late,0.0,0.0,1.0,late,0.0,0.0,1.0,late,0.0067,0.3467,0.6467,late,0.0155,0.433,0.5515,late,0.02,0.15,0.83,late,0.0012,0.002,0.9969,late,0.0028,0.0378,0.9593,late,0.0,0.0,1.0,late,0.0,1e-04,0.9999,late,0.0,1e-04,0.9999,late,0.0017,0.0026,0.9956,late,0.0032,0.1012,0.8956
C6,251,late,late,0.0,0.0,1.0,late,0.0,0.0,1.0,late,0.0067,0.3333,0.66,late,0.0103,0.2336,0.756,late,0.02,0.14,0.84,late,0.0012,0.002,0.9969,late,0.0022,0.0202,0.9777,late,0.0,0.0,1.0,late,0.0,1e-04,0.9999,late,0.0,1e-04,0.9999,late,0.0017,0.0026,0.9957,late,0.0031,0.0999,0.897
C6,252,late,late,0.0,0.0,1.0,late,0.0,0.0,1.0,late,0.0067,0.33,0.6633,late,0.0127,0.3395,0.6478,late,0.0225,0.145,0.8325,late,0.0012,0.002,0.9969,late,0.0029,0.0351,0.962,late,0.0,0.0,1.0,late,0.0,1e-04,0.9999,late,0.0,1e-04,0.9999,late,0.0017,0.0026,0.9957,late,0.0031,0.1006,0.8962
C6,253,late,late,0.0,0.0,1.0,late,0.0,0.0,1.0,late,0.01,0.3567,0.6333,late,0.0159,0.509,0.4751,late,0.0375,0.155,0.8075,late,0.0012,0.0022,0.9967,late,0.0048,0.0681,0.9271,late,0.0,0.0,1.0,late,0.0,1e-04,0.9999,late,0.0,1e-04,0.9999,late,0.0017,0.0026,0.9958,late,0.0031,0.0995,0.8974
C6,254,late,late,0.0,0.0,1.0,late,0.0,0.0,1.0,late,0.0067,0.29,0.7033,late,0.0106,0.2859,0.7035,late,0.04,0.1375,0.8225,late,0.0011,0.0018,0.9971,late,0.006,0.0598,0.9343,late,0.0,0.0,1.0,late,0.0,1e-04,0.9999,late,0.0,1e-04,0.9999,late,0.0017,0.0026,0.9956,late,0.0032,0.101,0.8958
C6,255,late,late,0.0,0.0,1.0,late,0.0,0.0,1.0,late,0.01,0.3433,0.6467,late,0.0159,0.4484,0.5357,late,0.04,0.1525,0.8075,late,0.0012,0.002,0.9969,late,0.0054,0.0748,0.9199,late,0.0,0.0,1.0,late,0.0,1e-04,0.9999,late,0.0,1e-04,0.9999,late,0.0016,0.0026,0.9958,late,0.003,0.0994,0.8976
C6,256,late,late,0.0,0.0,1.0,late,0.0,0.0,1.0,late,0.0067,0.3433,0.65,late,0.0137,0.3688,0.6175,late,0.0375,0.1375,0.825,late,0.001,0.002,0.997,late,0.0065,0.092,0.9015,late,0.0,0.0,1.0,late,0.0,1e-04,0.9999,late,0.0,1e-04,0.9999,late,0.0017,0.0026,0.9957,late,0.0031,0.1003,0.8966
C6,257,late,late,0.0,0.0,1.0,late,0.0,0.0,1.0,late,0.0033,0.3067,0.69,late,0.007,0.0548,0.9381,late,0.0275,0.055,0.9175,late,0.001,0.0016,0.9974,late,0.005,0.0183,0.9767,late,0.0,0.0,1.0,late,0.0,0.0,0.9999,late,0.0,1e-04,0.9999,late,0.0017,0.0026,0.9958,late,0.0031,0.0995,0.8974
C6,258,late,late,0.0,0.0,1.0,late,0.0,0.0,1.0,late,0.0033,0.3133,0.6833,late,0.0068,0.0745,0.9187,late,0.01,0.06,0.93,late,0.0011,0.0017,0.9971,late,0.0015,0.0111,0.9874,late,0.0,0.0,1.0,late,0.0,0.0,0.9999,late,0.0,1e-04,0.9999,late,0.0017,0.0025,0.9958,late,0.0031,0.0995,0.8974
C6,259,late,late,0.0,0.0,1.0,late,0.0,0.0,1.0,late,0.0033,0.3267,0.67,late,0.0054,0.0496,0.945,late,0.0275,0.04,0.9325,late,0.0011,0.0016,0.9973,late,0.0017,0.0126,0.9857,late,0.0,0.0,1.0,late,0.0,0.0,1.0,late,0.0,1e-04,0.9999,late,0.0017,0.0025,0.9958,late,0.0031,0.0997,0.8972
C6,260,late,late,0.0,0.0,1.0,late,0.0,0.0,1.0,late,0.0033,0.35,0.6467,late,0.0063,0.0628,0.9309,late,0.0275,0.045,0.9275,late,0.001,0.0016,0.9974,late,0.003,0.0251,0.9719,late,0.0,0.0,1.0,late,0.0,0.0,0.9999,late,0.0,1e-04,0.9999,late,0.0017,0.0025,0.9958,late,0.0031,0.0995,0.8974
C6,261,late,late,0.0,0.0,1.0,late,0.0,0.0,1.0,late,0.0033,0.3333,0.6633,late,0.0075,0.0913,0.9012,late,0.0275,0.0425,0.93,late,0.0012,0.0017,0.9971,late,0.0028,0.0271,0.9702,late,0.0,0.0,1.0,late,0.0,0.0,0.9999,late,0.0,1e-04,0.9999,late,0.0017,0.0025,0.9958,late,0.0031,0.0991,0.8978
C6,262,late,late,0.0,0.0,1.0,late,0.0,0.0,1.0,late,0.0033,0.3833,0.6133,late,0.0089,0.1119,0.8792,late,0.0275,0.05,0.9225,late,0.0012,0.0017,0.997,late,0.0038,0.0398,0.9563,late,0.0,0.0,1.0,late,0.0,0.0,0.9999,late,0.0,1e-04,0.9999,late,0.0017,0.0025,0.9958,late,0.0031,0.0991,0.8978
C6,263,late,late,0.0,0.0,1.0,late,0.0,0.0,1.0,late,0.0033,0.3467,0.65,late,0.0089,0.1261,0.865,late,0.03,0.0575,0.9125,late,0.0012,0.0016,0.9972,late,0.0047,0.0563,0.939,late,0.0,0.0,1.0,late,0.0,0.0,0.9999,late,0.0,1e-04,0.9999,late,0.0017,0.0025,0.9958,late,0.0031,0.0989,0.898
C6,264,late,late,0.0,0.0,1.0,late,0.0,0.0,1.0,late,0.0067,0.3767,0.6167,late,0.0097,0.1515,0.8388,late,0.03,0.0675,0.9025,late,0.0013,0.0018,0.9969,late,0.0058,0.059,0.9352,late,0.0,0.0,1.0,late,0.0,0.0,0.9999,late,0.0,1e-04,0.9999,late,0.0017,0.0025,0.9958,late,0.0031,0.099,0.8979
C6,265,late,late,0.0,0.0,1.0,late,0.0,0.0,1.0,late,0.0067,0.37,0.6233,late,0.0097,0.1481,0.8421,late,0.045,0.135,0.82,late,0.0013,0.0017,0.9971,late,0.0066,0.0999,0.8935,late,0.0,0.0,1.0,late,0.0,0.0,0.9999,late,0.0,1e-04,0.9999,late,0.0017,0.0025,0.9958,late,0.0031,0.0988,0.8981
C6,266,late,late,0.0,0.0,1.0,late,0.0,0.0,1.0,late,0.01,0.3733,0.6167,late,0.0116,0.2259,0.7625,late,0.0525,0.1575,0.79,late,0.0014,0.0019,0.9968,late,0.0057,0.1067,0.8877,late,0.0,0.0,1.0,late,0.0,1e-04,0.9999,late,0.0,1e-04,0.9999,late,0.0017,0.0025,0.9958,late,0.0031,0.0988,0.8981
C6,267,late,late,0.0,0.0,1.0,late,0.0,0.0,1.0,late,0.0067,0.3233,0.67,late,0.0106,0.2298,0.7596,late,0.0425,0.16,0.7975,late,0.0013,0.0017,0.997,late,0.011,0.1156,0.8734,late,0.0,0.0,1.0,late,0.0,1e-04,0.9999,late,0.0,1e-04,0.9999,late,0.0017,0.0025,0.9958,late,0.0031,0.0985,0.8984
C6,268,late,late,0.0,0.0,1.0,late,0.0,0.0,1.0,late,0.0033,0.28,0.7167,late,0.0646,0.5148,0.4206,late,0.02,0.07,0.91,late,0.0014,0.0019,0.9967,late,0.0168,0.051,0.9322,late,0.0,0.0,1.0,late,1e-04,1e-04,0.9999,late,0.0,1e-04,0.9999,late,0.0017,0.0025,0.9958,late,0.0031,0.0989,0.8979
C6,269,late,late,0.0,0.0,1.0,late,0.0,0.0,1.0,late,0.0067,0.3433,0.65,late,0.0226,0.1593,0.8181,late,0.0425,0.1475,0.81,late,0.0012,0.0017,0.9971,late,0.0052,0.0731,0.9218,late,0.0,0.0,1.0,late,0.0,1e-04,0.9999,late,0.0,1e-04,0.9999,late,0.0017,0.0026,0.9957,late,0.0031,0.0992,0.8976
C6,270,late,late,0.0,0.0,1.0,late,0.0,0.0,1.0,late,0.0067,0.3033,0.69,late,0.0082,0.1392,0.8527,late,0.0475,0.1375,0.815,late,0.0012,0.0016,0.9971,late,0.0064,0.0644,0.9292,late,0.0,0.0,1.0,late,0.0,1e-04,0.9999,late,0.0,1e-04,0.9999,late,0.0017,0.0025,0.9957,late,0.0032,0.0997,0.8971
C6,271,late,late,0.0,0.0,1.0,late,0.0,0.0,1.0,late,0.0067,0.3767,0.6167,late,0.0112,0.1704,0.8184,late,0.05,0.1525,0.7975,late,0.0013,0.0017,0.997,late,0.0092,0.1275,0.8633,late,0.0,0.0,1.0,late,0.0,1e-04,0.9999,late,0.0,1e-04,0.9999,late,0.0017,0.0026,0.9957,late,0.0031,0.0995,0.8974
C6,272,late,late,0.0,0.0,1.0,late,0.0,0.0,1.0,late,0.0067,0.33,0.6633,late,0.0097,0.1332,0.8571,late,0.05,0.14,0.81,late,0.0013,0.0017,0.997,late,0.0079,0.0824,0.9097,late,0.0,0.0,1.0,late,0.0,1e-04,0.9999,late,0.0,1e-04,0.9999,late,0.0017,0.0026,0.9957,late,0.0031,0.0999,0.897
C6,273,late,late,0.0,0.0,1.0,late,0.0,0.0,1.0,late,0.0067,0.3433,0.65,late,0.0112,0.1129,0.8758,late,0.05,0.16,0.79,late,0.0013,0.0017,0.997,late,0.0081,0.0828,0.9091,late,0.0,0.0,1.0,late,0.0,1e-04,0.9999,late,0.0,1e-04,0.9999,late,0.0017,0.0026,0.9957,late,0.0031,0.1,0.8969
C6,274,late,late,0.0,0.0,1.0,late,0.0,0.0,1.0,late,0.0133,0.4,0.5867,late,0.0177,0.3364,0.6458,late,0.045,0.195,0.76,late,0.0015,0.002,0.9966,late,0.0113,0.1462,0.8425,late,0.0,0.0,1.0,late,0.0,1e-04,0.9999,late,0.0,1e-04,0.9999,late,0.0017,0.0026,0.9957,late,0.0031,0.1003,0.8966
C6,275,late,late,0.0,0.0,1.0,late,0.0,0.0,1.0,late,0.01,0.4167,0.5733,late,0.0187,0.3279,0.6533,late,0.04,0.1825,0.7775,late,0.0015,0.0019,0.9966,late,0.0112,0.1856,0.8031,late,0.0,0.0,1.0,late,0.0,1e-04,0.9999,late,0.0,1e-04,0.9999,late,0.0017,0.0027,0.9957,late,0.0031,0.1003,0.8966
C6,276,late,late,0.0,0.0,1.0,late,0.0,0.0,1.0,late,0.0133,0.41,0.5767,late,0.0214,0.395,0.5836,late,0.0425,0.21,0.7475,late,0.0015,0.0019,0.9966,late,0.0144,0.2555,0.7301,late,0.0,0.0,1.0,late,1e-04,1e-04,0.9998,late,0.0,1e-04,0.9999,late,0.0017,0.0027,0.9957,late,0.0031,0.1007,0.8962
C6,277,late,late,0.0,0.0,1.0,late,0.0,0.0,1.0,late,0.0233,0.39,0.5867,late,0.021,0.3238,0.6551,late,0.0525,0.2225,0.725,late,0.0016,0.002,0.9965,late,0.0133,0.1866,0.8002,late,0.0,0.0,1.0,late,1e-04,1e-04,0.9998,late,0.0,1e-04,0.9999,late,0.0017,0.0027,0.9957,late,0.0031,0.1005,0.8965
C6,278,late,late,0.0,0.0,1.0,late,0.0,0.0,1.0,late,0.0333,0.38,0.5867,late,0.0263,0.4688,0.505,late,0.0575,0.285,0.6575,late,0.0016,0.0021,0.9964,late,0.0167,0.2478,0.7355,late,0.0,0.0,1.0,late,1e-04,0.0002,0.9997,late,0.0,1e-04,0.9999,late,0.0017,0.0027,0.9956,late,0.0031,0.1009,0.896
C6,279,late,late,0.0,0.0,1.0,late,0.0,0.0,1.0,late,0.0267,0.21,0.7633,middle,0.1423,0.5592,0.2985,late,0.0525,0.115,0.8325,late,0.0117,0.0091,0.9793,late,0.1016,0.3461,0.5523,late,0.0,0.0,1.0,late,0.0002,0.0004,0.9993,late,0.0,1e-04,0.9999,late,0.0018,0.0029,0.9953,late,0.0033,0.1027,0.8941
C6,280,late,late,0.0,0.0,1.0,late,0.0,0.0,1.0,late,0.0333,0.3767,0.59,late,0.121,0.5055,0.3736,late,0.06,0.2525,0.6875,late,0.0016,0.002,0.9964,late,0.002,0.0562,0.9419,late,0.0,0.0,1.0,late,1e-04,1e-04,0.9998,late,0.0,1e-04,0.9999,late,0.0017,0.0029,0.9954,late,0.0031,0.1023,0.8946
C6,281,late,late,0.0,0.0,1.0,late,0.0,0.0,1.0,late,0.0267,0.3633,0.61,late,0.0259,0.4075,0.5667,late,0.05,0.2375,0.7125,late,0.0016,0.002,0.9965,late,0.0097,0.1564,0.8338,late,0.0,0.0,1.0,late,1e-04,0.0002,0.9998,late,0.0,1e-04,0.9999,late,0.0018,0.0028,0.9954,late,0.0032,0.1025,0.8943
C6,282,late,late,0.0,0.0,1.0,late,0.0,0.0,1.0,late,0.0333,0.3733,0.5933,late,0.0235,0.2341,0.7424,late,0.055,0.24,0.705,late,0.0016,0.002,0.9964,late,0.0123,0.1458,0.8419,late,0.0,0.0,1.0,late,1e-04,1e-04,0.9998,late,0.0,1e-04,0.9999,late,0.0017,0.0028,0.9955,late,0.0031,0.1022,0.8947
C6,283,late,late,0.0,0.0,1.0,late,0.0,0.0,1.0,late,0.0467,0.3733,0.58,late,0.0296,0.303,0.6674,late,0.0575,0.25,0.6925,late,0.0016,0.0021,0.9964,late,0.0132,0.1747,0.8121,late,0.0,0.0,1.0,late,1e-04,1e-04,0.9998,late,0.0,1e-04,0.9999,late,0.0018,0.0028,0.9954,late,0.0033,0.1033,0.8935
C6,284,late,late,0.0,0.0,1.0,late,0.0,0.0,1.0,late,0.05,0.3733,0.5767,late,0.0334,0.4639,0.5027,late,0.0625,0.25,0.6875,late,0.0016,0.0021,0.9963,late,0.0171,0.2643,0.7186,late,0.0,0.0,1.0,late,1e-04,0.0002,0.9997,late,0.0,1e-04,0.9999,late,0.0017,0.0029,0.9954,late,0.0031,0.103,0.8939
C6,285,late,late,0.0,0.0,1.0,late,0.0,0.0,1.0,late,0.0533,0.3667,0.58,late,0.0294,0.3364,0.6342,late,0.0475,0.255,0.6975,late,0.0016,0.0021,0.9964,late,0.0132,0.2043,0.7825,late,0.0,0.0,1.0,late,1e-04,0.0002,0.9998,late,0.0,1e-04,0.9999,late,0.0018,0.0029,0.9954,late,0.0032,0.1035,0.8933
C6,286,late,late,0.0,0.0,1.0,late,0.0,0.0,1.0,late,0.0633,0.3733,0.5633,late,0.0404,0.4708,0.4888,late,0.065,0.2425,0.6925,late,0.0016,0.002,0.9964,late,0.0136,0.2042,0.7822,late,0.0,0.0,1.0,late,1e-04,0.0002,0.9997,late,0.0,1e-04,0.9999,late,0.0017,0.0029,0.9954,late,0.0031,0.1029,0.894
C6,287,late,late,0.0,0.0,1.0,late,0.0,0.0,1.0,late,0.0467,0.3733,0.58,late,0.0338,0.4049,0.5614,late,0.0475,0.2475,0.705,late,0.0015,0.0019,0.9966,late,0.0095,0.1594,0.8311,late,0.0,0.0,1.0,late,1e-04,0.0002,0.9998,late,0.0,1e-04,0.9999,late,0.0018,0.0029,0.9953,late,0.0032,0.1038,0.893
C6,288,late,late,0.0,0.0,1.0,late,0.0,0.0,1.0,late,0.03,0.3833,0.5867,late,0.0297,0.2596,0.7107,late,0.0475,0.1825,0.77,late,0.0015,0.0023,0.9962,late,0.003,0.05,0.947,late,0.0,0.0,1.0,late,1e-04,1e-04,0.9998,late,0.0,1e-04,0.9999,late,0.0017,0.0029,0.9954,late,0.0031,0.1032,0.8937
C6,289,late,late,0.0,0.0,1.0,late,0.0,0.0,1.0,late,0.0033,0.28,0.7167,late,0.0162,0.0986,0.8852,late,0.0325,0.0575,0.91,late,0.0014,0.0022,0.9964,late,0.0098,0.0109,0.9793,late,0.0,0.0,1.0,late,0.0,1e-04,0.9999,late,0.0,1e-04,0.9999,late,0.0017,0.0027,0.9955,late,0.0032,0.1024,0.8944
C6,290,late,late,0.0,0.0,1.0,late,0.0,0.0,1.0,late,0.01,0.3367,0.6533,late,0.0106,0.0256,0.9638,late,0.06,0.18,0.76,late,0.0015,0.0022,0.9963,late,0.0047,0.0152,0.9801,late,0.0,0.0,1.0,late,0.0,0.0,0.9999,late,0.0,1e-04,0.9999,late,0.0017,0.0027,0.9956,late,0.0031,0.102,0.8949
C6,291,late,late,0.0,0.0,1.0,late,0.0,0.0,1.0,late,0.0133,0.3033,0.6833,late,0.0096,0.0256,0.9648,late,0.055,0.16,0.785,late,0.0016,0.002,0.9964,late,0.0035,0.0106,0.9859,late,0.0,0.0,1.0,late,0.0,0.0,0.9999,late,0.0,1e-04,0.9999,late,0.0017,0.0027,0.9956,late,0.0032,0.102,0.8949
C6,292,late,late,0.0,0.0,1.0,late,0.0,0.0,1.0,late,0.0167,0.3133,0.67,late,0.0093,0.0176,0.9731,late,0.05,0.1525,0.7975,late,0.0015,0.0018,0.9967,late,0.0035,0.0111,0.9854,late,0.0,0.0,1.0,late,0.0,0.0,1.0,late,0.0,1e-04,0.9999,late,0.0017,0.0026,0.9957,late,0.0031,0.1012,0.8957
C6,293,late,late,0.0,0.0,1.0,late,0.0,0.0,1.0,late,0.02,0.3067,0.6733,late,0.0094,0.0144,0.9761,late,0.0525,0.14,0.8075,late,0.0015,0.0018,0.9967,late,0.0041,0.0106,0.9853,late,0.0,0.0,1.0,late,0.0,0.0,1.0,late,0.0,1e-04,0.9999,late,0.0017,0.0025,0.9957,late,0.0032,0.1006,0.8963
C6,294,late,late,0.0,0.0,1.0,late,0.0,0.0,1.0,late,0.0167,0.31,0.6733,late,0.012,0.0295,0.9586,late,0.0525,0.15,0.7975,late,0.0014,0.0017,0.9968,late,0.0026,0.0112,0.9862,late,0.0,0.0,1.0,late,0.0,0.0,1.0,late,0.0,1e-04,0.9999,late,0.0017,0.0025,0.9957,late,0.0032,0.1002,0.8966
C6,295,late,late,0.0,0.0,1.0,late,0.0,0.0,1.0,late,0.02,0.2933,0.6867,late,0.012,0.0266,0.9614,late,0.055,0.1475,0.7975,late,0.0015,0.0018,0.9967,late,0.006,0.019,0.975,late,0.0,0.0,1.0,late,0.0,0.0,1.0,late,0.0,1e-04,0.9999,late,0.0017,0.0025,0.9958,late,0.0032,0.0997,0.8972
C6,296,late,late,0.0,0.0,1.0,late,0.0,0.0,1.0,late,0.0333,0.32,0.6467,late,0.0225,0.0842,0.8933,late,0.0675,0.2,0.7325,late,0.0016,0.0019,0.9965,late,0.0053,0.0226,0.9722,late,0.0,0.0,1.0,late,0.0,0.0,0.9999,late,0.0,1e-04,0.9999,late,0.0017,0.0025,0.9958,late,0.0031,0.0987,0.8982
C6,297,late,late,0.0,0.0,1.0,late,0.0,0.0,1.0,late,0.0267,0.3167,0.6567,late,0.0163,0.0388,0.9449,late,0.0675,0.1775,0.755,late,0.002,0.0023,0.9957,late,0.0091,0.0223,0.9686,late,0.0,0.0,1.0,late,0.0,0.0,0.9999,late,0.0,1e-04,0.9999,late,0.0017,0.0024,0.9958,late,0.0032,0.0988,0.898
C6,298,late,late,0.0,0.0,1.0,late,0.0,0.0,1.0,late,0.0167,0.3067,0.6767,late,0.0154,0.0554,0.9292,late,0.055,0.1725,0.7725,late,0.002,0.0023,0.9957,late,0.0055,0.0215,0.973,late,0.0,0.0,1.0,late,0.0,0.0,0.9999,late,0.0,1e-04,0.9999,late,0.0017,0.0024,0.9959,late,0.0031,0.0982,0.8986
C6,299,late,late,0.0,0.0,1.0,late,0.0,0.0,1.0,late,0.0167,0.29,0.6933,late,0.0243,0.1031,0.8726,late,0.065,0.1925,0.7425,late,0.0021,0.0024,0.9955,late,0.0103,0.0259,0.9638,late,0.0,0.0,1.0,late,0.0,1e-04,0.9999,late,0.0,1e-04,0.9999,late,0.0017,0.0024,0.9958,late,0.0032,0.0982,0.8987
C6,300,late,late,0.0,0.0,1.0,late,0.0,0.0,1.0,late,0.02,0.31,0.67,late,0.051,0.3667,0.5823,late,0.06,0.225,0.715,late,0.0035,0.006,0.9905,late,0.017,0.0602,0.9228,late,0.0,0.0,1.0,late,1e-04,1e-04,0.9999,late,0.0,1e-04,0.9999,late,0.0017,0.0024,0.9958,late,0.0031,0.0982,0.8987
C6,301,late,late,0.0,0.0,1.0,late,0.0,0.0,1.0,late,0.0167,0.26,0.7233,late,0.0105,0.0174,0.9721,late,0.0575,0.1625,0.78,late,0.0021,0.0026,0.9953,late,0.0044,0.0085,0.9871,late,0.0,0.0,1.0,late,0.0,0.0,0.9999,late,0.0,1e-04,0.9999,late,0.0017,0.0024,0.9958,late,0.0032,0.0987,0.8982
C6,302,late,late,0.0,0.0,1.0,late,0.0,0.0,1.0,late,0.02,0.2267,0.7533,late,0.0144,0.0319,0.9538,late,0.0575,0.1775,0.765,late,0.0024,0.0029,0.9947,late,0.0067,0.011,0.9823,late,0.0,0.0,1.0,late,0.0,0.0,0.9999,late,0.0,1e-04,0.9999,late,0.0017,0.0024,0.9958,late,0.0032,0.0987,0.8981
C6,303,late,late,0.0,0.0,1.0,late,0.0,0.0,1.0,late,0.02,0.2367,0.7433,late,0.0196,0.0499,0.9306,late,0.055,0.175,0.77,late,0.0023,0.0029,0.9949,late,0.0076,0.0145,0.978,late,0.0,0.0,1.0,late,0.0,0.0,0.9999,late,0.0,1e-04,0.9999,late,0.0017,0.0024,0.9958,late,0.0032,0.099,0.8979
C6,304,late,late,0.0,0.0,1.0,late,0.0,0.0,1.0,late,0.02,0.2367,0.7433,late,0.0211,0.0572,0.9218,late,0.06,0.1725,0.7675,late,0.0022,0.0028,0.995,late,0.0122,0.0307,0.9571,late,0.0,0.0,1.0,late,0.0,0.0,0.9999,late,0.0,1e-04,0.9999,late,0.0017,0.0025,0.9958,late,0.0032,0.0994,0.8974
C6,305,late,late,0.0,0.0,1.0,late,0.0,0.0,1.0,late,0.0267,0.2333,0.74,late,0.0219,0.0723,0.9058,late,0.06,0.1775,0.7625,late,0.0022,0.0028,0.9951,late,0.0084,0.0244,0.9672,late,0.0,0.0,1.0,late,0.0,0.0,0.9999,late,0.0,1e-04,0.9999,late,0.0017,0.0025,0.9958,late,0.0032,0.0994,0.8975
C6,306,late,late,0.0,0.0,1.0,late,0.0,0.0,1.0,late,0.03,0.2367,0.7333,late,0.0208,0.0496,0.9296,late,0.06,0.19,0.75,late,0.0024,0.0029,0.9947,late,0.0135,0.023,0.9636,late,0.0,0.0,1.0,late,0.0,0.0,0.9999,late,0.0,1e-04,0.9999,late,0.0017,0.0025,0.9958,late,0.0032,0.0997,0.8971
C6,307,late,late,0.0,0.0,1.0,late,0.0,0.0,1.0,late,0.0267,0.25,0.7233,late,0.0341,0.1102,0.8557,late,0.0625,0.22,0.7175,late,0.0028,0.0035,0.9937,late,0.0135,0.0321,0.9544,late,0.0,0.0,1.0,late,0.0,0.0,0.9999,late,0.0,1e-04,0.9999,late,0.0017,0.0025,0.9958,late,0.0032,0.0995,0.8973
C6,308,late,late,0.0,0.0,1.0,late,0.0,0.0,1.0,late,0.03,0.24,0.73,late,0.0323,0.1203,0.8473,late,0.0725,0.25,0.6775,late,0.0048,0.007,0.9882,late,0.0146,0.0247,0.9607,late,0.0,0.0,1.0,late,0.0,1e-04,0.9999,late,0.0,1e-04,0.9999,late,0.0018,0.0025,0.9958,late,0.0032,0.1001,0.8967
C6,309,late,late,0.0,0.0,1.0,late,0.0,0.0,1.0,late,0.03,0.25,0.72,late,0.0347,0.1016,0.8637,late,0.0775,0.24,0.6825,late,0.0045,0.007,0.9885,late,0.0181,0.039,0.9429,late,0.0,0.0,1.0,late,0.0,1e-04,0.9999,late,0.0,1e-04,0.9999,late,0.0017,0.0025,0.9958,late,0.0032,0.0993,0.8975
C6,310,late,late,0.0,0.0,1.0,late,0.0,0.0,1.0,late,0.04,0.2367,0.7233,late,0.0374,0.1261,0.8365,late,0.0625,0.1925,0.745,late,0.0038,0.006,0.9901,late,0.0228,0.0466,0.9306,late,0.0,0.0,1.0,late,0.0,1e-04,0.9999,late,0.0,1e-04,0.9999,late,0.0018,0.0025,0.9958,late,0.0032,0.0996,0.8972
C6,311,late,late,0.0,0.0,1.0,late,0.0,0.0,1.0,late,0.06,0.3533,0.5867,late,0.0965,0.4871,0.4163,late,0.1075,0.3375,0.555,late,0.199,0.155,0.646,late,0.0736,0.1204,0.806,late,0.0,0.0,1.0,late,1e-04,1e-04,0.9998,late,0.0,1e-04,0.9999,late,0.0017,0.0025,0.9958,late,0.0032,0.099,0.8978
C6,312,late,late,0.0,0.0,1.0,late,0.0,0.0,1.0,late,0.0433,0.2467,0.71,late,0.0455,0.1483,0.8062,late,0.0675,0.1925,0.74,late,0.0036,0.0061,0.9903,late,0.0128,0.0367,0.9506,late,0.0,0.0,1.0,late,1e-04,1e-04,0.9999,late,0.0,1e-04,0.9999,late,0.0018,0.0025,0.9958,late,0.0032,0.0995,0.8973
C6,313,late,late,0.0,0.0,1.0,late,0.0,0.0,1.0,late,0.0533,0.2367,0.71,late,0.0486,0.1411,0.8103,late,0.075,0.2075,0.7175,late,0.0041,0.0065,0.9894,late,0.0337,0.0524,0.9139,late,0.0,0.0,1.0,late,1e-04,1e-04,0.9999,late,0.0,1e-04,0.9999,late,0.0018,0.0025,0.9958,late,0.0032,0.0998,0.897
C6,314,late,late,0.0,0.0,1.0,late,0.0,0.0,1.0,late,0.0467,0.2567,0.6967,late,0.0572,0.1986,0.7442,late,0.08,0.2425,0.6775,late,0.0049,0.008,0.9872,late,0.0277,0.0603,0.912,late,0.0,0.0,1.0,late,1e-04,1e-04,0.9999,late,0.0,1e-04,0.9999,late,0.0018,0.0025,0.9958,late,0.0032,0.0998,0.897
C6,315,late,late,0.0,0.0,1.0,late,0.0,0.0,1.0,late,0.0533,0.2567,0.69,late,0.0661,0.2439,0.6899,late,0.0875,0.2325,0.68,late,0.008,0.007,0.985,late,0.0329,0.0638,0.9033,late,0.0,0.0,1.0,late,1e-04,1e-04,0.9999,late,0.0,1e-04,0.9999,late,0.0018,0.0025,0.9957,late,0.0033,0.1006,0.8961
