dataset,channel_set,group,task,Method,seed,kind,variant,Acc,Macro_F1,E_F1,M_F1,L_F1,M_Pre,M_Rec,stages_present,M_to_E,M_to_L,n_middle_true,Rev,Jump,Smooth,q_MAE,q_RMSE,q_R2,Spearman,Pearson,q_Smooth,oracle_wear_reference
mendeley,primary,cross_machine_dual,D1-M,A1,42,ablation,raw,0.3146131805157593,0.2173642103447588,0.5629213483146067,0.082437275985663,0.0067340067340067,0.1002178649237472,0.0700152207001522,"early,middle,late",0.9223744292237442,0.0076103500761035,657,16,4,0.0347935321138213,0.1752564320193948,0.2279278008472295,-0.0329559010924822,0.903421701941462,0.8090507050677976,0.0024892919783477,
mendeley,primary,cross_machine_dual,D1-M,A2,42,ablation,raw_fine,0.3415472779369627,0.2521185594954642,0.5939537640782454,0.152317880794702,0.0100840336134453,0.1669691470054446,0.1400304414003044,"early,middle,late",0.852359208523592,0.0076103500761035,657,15,4,0.0218569511825251,0.1752564320193948,0.2279278008472295,-0.0329559010924822,0.903421701941462,0.8090507050677976,0.0024892919783477,
mendeley,primary,cross_machine_dual,D1-M,A3,42,ablation,raw_prior,0.335243553008596,0.2427261713288551,0.5845974329054843,0.1402027027027027,0.0033783783783783,0.1574952561669829,0.1263318112633181,"early,middle,late",0.867579908675799,0.0060882800608828,657,17,0,0.0245233064973907,0.1752564320193948,0.2279278008472295,-0.0329559010924822,0.903421701941462,0.8090507050677976,0.0024892919783477,
mendeley,primary,cross_machine_dual,D1-M,A4,42,ablation,mix,0.3363896848137536,0.2448224287687421,0.5863077823288473,0.1414141414141414,0.0067453625632377,0.1581920903954802,0.1278538812785388,"early,middle,late",0.8660578386605784,0.0060882800608828,657,17,0,0.0235978651345265,0.1752564320193948,0.2279278008472295,-0.0329559010924822,0.903421701941462,0.8090507050677976,0.0024892919783477,
mendeley,primary,cross_machine_dual,D1-M,A5,42,ablation,ordered,0.3495702005730659,0.2605575757575757,0.6072727272727273,0.1744,0.0,0.1838111298482293,0.1659056316590563,"early,middle,late",0.8295281582952816,0.0045662100456621,657,9,0,0.0235205331448857,0.1752564320193948,0.2279278008472295,-0.0329559010924822,0.903421701941462,0.8090507050677976,0.0024892919783477,
mendeley,primary,cross_machine_dual,D1-M,A6,42,ablation,final,0.3432664756446991,0.2535566045936637,0.5989240884638374,0.1583673469387755,0.0033783783783783,0.1707746478873239,0.1476407914764079,"early,middle,late",0.8462709284627092,0.0060882800608828,657,12,2,0.0225412037737451,0.1752564320193948,0.2279278008472295,-0.0329559010924822,0.903421701941462,0.8090507050677976,0.0024892919783477,
mendeley,primary,cross_machine_dual,D1-M,A1,52,ablation,raw,0.3759312320916905,0.2787939473688809,0.5279241306638567,0.308457711442786,0.0,0.4454022988505747,0.2359208523592085,"early,middle,late",0.7640791476407914,0.0,657,1,0,0.0085577993898574,0.1651290678211783,0.2176336954658345,0.0582417062043618,0.7393304619448686,0.4063124445930754,0.0016818313798455,
mendeley,primary,cross_machine_dual,D1-M,A2,52,ablation,raw_fine,0.3828080229226361,0.2865666838020182,0.5312831389183457,0.3284169124877089,0.0,0.4638888888888889,0.2541856925418569,"early,middle,late",0.745814307458143,0.0,657,2,0,0.0051779089707373,0.1651290678211783,0.2176336954658345,0.0582417062043618,0.7393304619448686,0.4063124445930754,0.0016818313798455,
mendeley,primary,cross_machine_dual,D1-M,A3,52,ablation,raw_prior,0.388538681948424,0.2927686259924478,0.5372654155495978,0.3410404624277456,0.0,0.4645669291338583,0.2694063926940639,"early,middle,late",0.730593607305936,0.0,657,4,0,0.0077159337036427,0.1651290678211783,0.2176336954658345,0.0582417062043618,0.7393304619448686,0.4063124445930754,0.0016818313798455,
mendeley,primary,cross_machine_dual,D1-M,A4,52,ablation,mix,0.3868194842406877,0.2909591950822103,0.5346851654215582,0.3381924198250728,0.0,0.4677419354838709,0.2648401826484018,"early,middle,late",0.7351598173515982,0.0,657,3,0,0.0068257881017191,0.1651290678211783,0.2176336954658345,0.0582417062043618,0.7393304619448686,0.4063124445930754,0.0016818313798455,
mendeley,primary,cross_machine_dual,D1-M,A5,52,ablation,ordered,0.3851002865329513,0.2891260157312796,0.5324123273113709,0.3349657198824681,0.0,0.4697802197802198,0.2602739726027397,"early,middle,late",0.7397260273972602,0.0,657,0,0,0.0043629559262225,0.1651290678211783,0.2176336954658345,0.0582417062043618,0.7393304619448686,0.4063124445930754,0.0016818313798455,
mendeley,primary,cross_machine_dual,D1-M,A6,52,ablation,final,0.3856733524355301,0.2897634289126718,0.532695374800638,0.3365949119373776,0.0,0.4712328767123288,0.2617960426179604,"early,middle,late",0.7382039573820396,0.0,657,0,0,0.0060785311267285,0.1651290678211783,0.2176336954658345,0.0582417062043618,0.7393304619448686,0.4063124445930754,0.0016818313798455,
mendeley,primary,cross_machine_dual,D1-M,A1,62,ablation,raw,0.4401146131805157,0.4266234553837193,0.6179507545671168,0.1955896452540748,0.4663299663299663,0.2642487046632124,0.1552511415525114,"early,middle,late",0.5220700152207002,0.3226788432267884,657,38,24,0.0775925142778051,0.1710856001372838,0.2243551646838103,-0.0008277153726041,0.4779224967492687,0.3902905783440602,0.0113760445408103,
mendeley,primary,cross_machine_dual,D1-M,A2,62,ablation,raw_fine,0.4452722063037249,0.4408996459524925,0.6313213703099511,0.268059181897302,0.4233183856502242,0.3130081300813008,0.2343987823439878,"early,middle,late",0.4901065449010654,0.2754946727549467,657,35,19,0.0655824565543605,0.1710856001372838,0.2243551646838103,-0.0008277153726041,0.4779224967492687,0.3902905783440602,0.0113760445408103,
mendeley,primary,cross_machine_dual,D1-M,A3,62,ablation,raw_prior,0.4607449856733524,0.4592397238081878,0.6231404958677685,0.3014394580863674,0.4531392174704277,0.3396946564885496,0.2709284627092846,"early,middle,late",0.4794520547945205,0.2496194824961948,657,44,2,0.0673639311624754,0.1710856001372838,0.2243551646838103,-0.0008277153726041,0.4779224967492687,0.3902905783440602,0.0113760445408103,
mendeley,primary,cross_machine_dual,D1-M,A4,62,ablation,mix,0.4573065902578797,0.4547350799622984,0.6248969497114591,0.2908777969018933,0.4484304932735426,0.3346534653465347,0.2572298325722983,"early,middle,late",0.4809741248097412,0.2617960426179604,657,41,4,0.0661968860454936,0.1710856001372838,0.2243551646838103,-0.0008277153726041,0.4779224967492687,0.3902905783440602,0.0113760445408103,
mendeley,primary,cross_machine_dual,D1-M,A5,62,ablation,ordered,0.464756446991404,0.4681225207540997,0.6223776223776224,0.3460925039872408,0.4358974358974359,0.3634840871021775,0.3302891933028919,"early,middle,late",0.4140030441400304,0.2557077625570776,657,29,0,0.0647809220875759,0.1710856001372838,0.2243551646838103,-0.0008277153726041,0.4779224967492687,0.3902905783440602,0.0113760445408103,
mendeley,primary,cross_machine_dual,D1-M,A6,62,ablation,final,0.4636103151862464,0.4663288686117032,0.6255430060816681,0.3403225806451613,0.4331210191082802,0.3619210977701543,0.3211567732115677,"early,middle,late",0.4185692541856925,0.2602739726027397,657,29,3,0.0622948446255972,0.1710856001372838,0.2243551646838103,-0.0008277153726041,0.4779224967492687,0.3902905783440602,0.0113760445408103,
mendeley,primary,cross_machine_dual,D1-M,A1,72,ablation,raw,0.3650429799426934,0.2897306328557693,0.5580357142857143,0.1868787276341948,0.1242774566473988,0.2693409742120344,0.1430745814307458,"early,middle,late",0.7640791476407914,0.0928462709284627,657,26,12,0.0541157225216721,0.1663041973808247,0.2237052957202852,0.0049618984667036,0.7476220825492224,0.3778746323777383,0.0058117199060426,
mendeley,primary,cross_machine_dual,D1-M,A2,72,ablation,raw_fine,0.394269340974212,0.3263083518185559,0.6142506142506142,0.2568027210884354,0.107871720116618,0.2909441233140655,0.2298325722983257,"early,middle,late",0.6773211567732116,0.0928462709284627,657,27,11,0.0386428600280762,0.1663041973808247,0.2237052957202852,0.0049618984667036,0.7476220825492224,0.3778746323777383,0.0058117199060426,
mendeley,primary,cross_machine_dual,D1-M,A3,72,ablation,raw_prior,0.394269340974212,0.3257795805673356,0.6108735491753207,0.2581196581196581,0.1083455344070278,0.2943469785575048,0.2298325722983257,"early,middle,late",0.6818873668188736,0.0882800608828006,657,30,6,0.0409554849772694,0.1663041973808247,0.2237052957202852,0.0049618984667036,0.7476220825492224,0.3778746323777383,0.0058117199060426,
mendeley,primary,cross_machine_dual,D1-M,A4,72,ablation,mix,0.3925501432664756,0.3241290286385868,0.6108735491753207,0.2536418166238218,0.107871720116618,0.2901960784313726,0.2252663622526636,"early,middle,late",0.6818873668188736,0.0928462709284627,657,27,9,0.0395367459650543,0.1663041973808247,0.2237052957202852,0.0049618984667036,0.7476220825492224,0.3778746323777383,0.0058117199060426,
mendeley,primary,cross_machine_dual,D1-M,A5,72,ablation,ordered,0.4286532951289398,0.3657069481243354,0.6671105193075899,0.3213465952563121,0.1086637298091042,0.3230769230769231,0.319634703196347,"early,middle,late",0.593607305936073,0.0867579908675799,657,15,1,0.0356493310375304,0.1663041973808247,0.2237052957202852,0.0049618984667036,0.7476220825492224,0.3778746323777383,0.0058117199060426,
mendeley,primary,cross_machine_dual,D1-M,A6,72,ablation,final,0.4263610315186246,0.363720088924709,0.6640159045725647,0.3158705701078582,0.1112737920937042,0.3198127925117004,0.3120243531202435,"early,middle,late",0.5996955859969558,0.0882800608828006,657,16,2,0.0355695501057018,0.1663041973808247,0.2237052957202852,0.0049618984667036,0.7476220825492224,0.3778746323777383,0.0058117199060426,
mendeley,primary,cross_machine_dual,D1-M,A1,82,ablation,raw,0.5346704871060172,0.4943289990174526,0.7916331456154465,0.4843646041250831,0.2069892473118279,0.4302600472813239,0.5540334855403348,"early,middle,late",0.3378995433789954,0.1080669710806697,657,22,16,0.0446646793922687,0.1636423710907409,0.2226105354752252,0.0146770256528816,0.7913624144143383,0.3967610875687218,0.005043235373278,
mendeley,primary,cross_machine_dual,D1-M,A2,82,ablation,raw_fine,0.574785100286533,0.5286217994713577,0.8366124893071001,0.5553470919324578,0.1939058171745152,0.4713375796178344,0.6757990867579908,"early,middle,late",0.2374429223744292,0.0867579908675799,657,20,6,0.0295395814076951,0.1636423710907409,0.2226105354752252,0.0146770256528816,0.7913624144143383,0.3967610875687218,0.005043235373278,
mendeley,primary,cross_machine_dual,D1-M,A3,82,ablation,raw_prior,0.5581661891117479,0.5148847703833449,0.8209459459459459,0.5291878172588832,0.1945205479452054,0.4537540805223068,0.634703196347032,"early,middle,late",0.2678843226788432,0.0974124809741248,657,24,1,0.0356363259561573,0.1636423710907409,0.2226105354752252,0.0146770256528816,0.7913624144143383,0.3967610875687218,0.005043235373278,
mendeley,primary,cross_machine_dual,D1-M,A4,82,ablation,mix,0.5621776504297994,0.5181133540588047,0.8258283772302464,0.5359394703656999,0.1925722145804676,0.4574811625403659,0.6468797564687976,"early,middle,late",0.258751902587519,0.0943683409436834,657,21,1,0.0337088672266942,0.1636423710907409,0.2226105354752252,0.0146770256528816,0.7913624144143383,0.3967610875687218,0.005043235373278,
mendeley,primary,cross_machine_dual,D1-M,A5,82,ablation,ordered,0.5793696275071634,0.5343222936304716,0.8446005267778753,0.5633802816901409,0.1949860724233983,0.4713114754098361,0.700152207001522,"early,middle,late",0.2207001522070015,0.0791476407914764,657,10,0,0.028531240156197,0.1636423710907409,0.2226105354752252,0.0146770256528816,0.7913624144143383,0.3967610875687218,0.005043235373278,
mendeley,primary,cross_machine_dual,D1-M,A6,82,ablation,final,0.5787965616045845,0.5345960123040171,0.8456140350877193,0.5617701290719115,0.1964038727524204,0.4711340206185567,0.69558599695586,"early,middle,late",0.2207001522070015,0.0837138508371385,657,11,1,0.0298650529860993,0.1636423710907409,0.2226105354752252,0.0146770256528816,0.7913624144143383,0.3967610875687218,0.005043235373278,
mendeley,primary,cross_machine_dual,D2-M,A1,42,ablation,raw,0.7553616866593966,0.7259039777347094,0.9177718832891246,0.7696532784071404,0.4902867715078631,0.6294216732172937,0.9902826855123676,"early,middle,late",0.0,0.0097173144876325,1132,28,0,0.0178873910856049,0.0881670416340194,0.1332843773566909,0.5123891212975931,0.8710080869466097,0.7573179432246901,0.0033016442938055,
mendeley,primary,cross_machine_dual,D2-M,A2,42,ablation,raw_fine,0.6306797528171574,0.5137792542357321,0.8510938602681722,0.6902439024390243,0.0,0.527001862197393,1.0,"early,middle,late",0.0,0.0,1132,4,0,0.0108634191736536,0.0881670416340194,0.1332843773566909,0.5123891212975931,0.8710080869466097,0.7573179432246901,0.0033016442938055,
mendeley,primary,cross_machine_dual,D2-M,A3,42,ablation,raw_prior,0.648854961832061,0.530393669325083,0.8902522154055896,0.7009287925696595,0.0,0.5395614871306006,1.0,"early,middle,late",0.0,0.0,1132,4,0,0.0154459382699424,0.0881670416340194,0.1332843773566909,0.5123891212975931,0.8710080869466097,0.7573179432246901,0.0033016442938055,
mendeley,primary,cross_machine_dual,D2-M,A4,42,ablation,mix,0.6459469283896765,0.5277880910136836,0.884167237834133,0.6991970352069179,0.0,0.5375118708452041,1.0,"early,middle,late",0.0,0.0,1132,2,0,0.0140268743194292,0.0881670416340194,0.1332843773566909,0.5123891212975931,0.8710080869466097,0.7573179432246901,0.0033016442938055,
mendeley,primary,cross_machine_dual,D2-M,A5,42,ablation,ordered,0.6466739367502726,0.5284413004847642,0.8856947296372347,0.6996291718170581,0.0,0.5380228136882129,1.0,"early,middle,late",0.0,0.0,1132,1,0,0.0052732997789815,0.0881670416340194,0.1332843773566909,0.5123891212975931,0.8710080869466097,0.7573179432246901,0.0033016442938055,
mendeley,primary,cross_machine_dual,D2-M,A6,42,ablation,final,0.6466739367502726,0.5284413004847642,0.8856947296372347,0.6996291718170581,0.0,0.5380228136882129,1.0,"early,middle,late",0.0,0.0,1132,1,0,0.0093839581577366,0.0881670416340194,0.1332843773566909,0.5123891212975931,0.8710080869466097,0.7573179432246901,0.0033016442938055,
mendeley,primary,cross_machine_dual,D2-M,A1,52,ablation,raw,0.6513994910941476,0.6568263357744265,0.6834592779177162,0.4939411425274091,0.7930785868781542,0.7121464226289518,0.3780918727915194,"early,middle,late",0.5936395759717314,0.0282685512367491,1132,50,0,0.0157840281800845,0.1492001097181061,0.1988854227628224,-0.0857273971620955,0.4737827772525759,0.4655087269553989,0.00168320314289,
mendeley,primary,cross_machine_dual,D2-M,A2,52,ablation,raw_fine,0.6426753907669939,0.5234273783429981,0.8775376555337263,0.6927444794952682,0.0,0.5387634936211972,0.969964664310954,"early,middle,late",0.0300353356890459,0.0,1132,11,0,0.0110260295393583,0.1492001097181061,0.1988854227628224,-0.0857273971620955,0.4737827772525759,0.4655087269553989,0.00168320314289,
mendeley,primary,cross_machine_dual,D2-M,A3,52,ablation,raw_prior,0.4114867320974191,0.1943514464760923,0.0,0.5830543394282771,0.0,0.4114867320974191,1.0,"early,middle,late",0.0,0.0,1132,0,0,0.0107038475308529,0.1492001097181061,0.1988854227628224,-0.0857273971620955,0.4737827772525759,0.4655087269553989,0.00168320314289,
mendeley,primary,cross_machine_dual,D2-M,A4,52,ablation,mix,0.4638313340603417,0.3020452664396402,0.3006263048016701,0.6055094945172506,0.0,0.4342155734560798,1.0,"early,middle,late",0.0,0.0,1132,5,0,0.0107733495114876,0.1492001097181061,0.1988854227628224,-0.0857273971620955,0.4737827772525759,0.4655087269553989,0.00168320314289,
mendeley,primary,cross_machine_dual,D2-M,A5,52,ablation,ordered,0.4296619411123228,0.2354669327123453,0.1157407407407407,0.5906600573962953,0.0,0.4191040355423917,1.0,"early,middle,late",0.0,0.0,1132,0,0,0.0034802313626427,0.1492001097181061,0.1988854227628224,-0.0857273971620955,0.4737827772525759,0.4655087269553989,0.00168320314289,
mendeley,primary,cross_machine_dual,D2-M,A6,52,ablation,final,0.4311159578335151,0.2385670196603734,0.1244239631336405,0.5912770958474798,0.0,0.4197256210604375,1.0,"early,middle,late",0.0,0.0,1132,0,0,0.0087213068491847,0.1492001097181061,0.1988854227628224,-0.0857273971620955,0.4737827772525759,0.4655087269553989,0.00168320314289,
mendeley,primary,cross_machine_dual,D2-M,A1,62,ablation,raw,0.821882951653944,0.8121788653168491,0.9111969111969112,0.828996282527881,0.6963434022257552,0.7156611039794608,0.984982332155477,"early,middle,late",0.0017667844522968,0.0132508833922261,1132,29,0,0.0285566593310219,0.0875433672202197,0.1342170787295212,0.5055408074115118,0.8366727144815975,0.7828026522217212,0.0069215673806885,
mendeley,primary,cross_machine_dual,D2-M,A2,62,ablation,raw_fine,0.6357688113413305,0.5185122421909291,0.8623340321453529,0.6932026944274342,0.0,0.5304592314901593,1.0,"early,middle,late",0.0,0.0,1132,0,0,0.0176948729688399,0.0875433672202197,0.1342170787295212,0.5055408074115118,0.8366727144815975,0.7828026522217212,0.0069215673806885,
mendeley,primary,cross_machine_dual,D2-M,A3,62,ablation,raw_prior,0.7291893856779353,0.6809814894447811,0.9053606882859032,0.7556742323097463,0.3819095477386934,0.6072961373390557,1.0,"early,middle,late",0.0,0.0,1132,19,0,0.0250277353391732,0.0875433672202197,0.1342170787295212,0.5055408074115118,0.8366727144815975,0.7828026522217212,0.0069215673806885,
mendeley,primary,cross_machine_dual,D2-M,A4,62,ablation,mix,0.7048346055979644,0.6419512916777257,0.8963210702341137,0.7386623164763458,0.2908704883227176,0.5856182100362132,1.0,"early,middle,late",0.0,0.0,1132,21,0,0.0227823304438202,0.0875433672202197,0.1342170787295212,0.5055408074115118,0.8366727144815975,0.7828026522217212,0.0069215673806885,
mendeley,primary,cross_machine_dual,D2-M,A5,62,ablation,ordered,0.6921119592875318,0.6148150853413162,0.9095780308104487,0.7277402764384442,0.2071269487750557,0.5720060636685195,1.0,"early,middle,late",0.0,0.0,1132,7,0,0.0126885980222488,0.0875433672202197,0.1342170787295212,0.5055408074115118,0.8366727144815975,0.7828026522217212,0.0069215673806885,
mendeley,primary,cross_machine_dual,D2-M,A6,62,ablation,final,0.6924754634678298,0.6168114773948031,0.9073825503355704,0.7279742765273312,0.2150776053215077,0.5722952477249748,1.0,"early,middle,late",0.0,0.0,1132,8,0,0.0196477017047827,0.0875433672202197,0.1342170787295212,0.5055408074115118,0.8366727144815975,0.7828026522217212,0.0069215673806885,
mendeley,primary,cross_machine_dual,D2-M,A1,72,ablation,raw,0.6695747001090513,0.6592084213998648,0.8350622406639004,0.5035506778566817,0.6390123456790123,0.935251798561151,0.3445229681978798,"early,middle,late",0.1492932862190812,0.5061837455830389,1132,19,4,0.0114156250995102,0.1604399971546524,0.2011215037046746,-0.110278438806481,-0.6998082665157634,-0.6041504726328326,0.0009233990502496,
mendeley,primary,cross_machine_dual,D2-M,A2,72,ablation,raw_fine,0.6550345328971283,0.5352228338935513,0.8999328408327737,0.7057356608478803,0.0,0.5452793834296724,1.0,"early,middle,late",0.0,0.0,1132,6,0,0.0071869812243658,0.1604399971546524,0.2011215037046746,-0.110278438806481,-0.6998082665157634,-0.6041504726328326,0.0009233990502496,
mendeley,primary,cross_machine_dual,D2-M,A3,72,ablation,raw_prior,0.6335877862595419,0.5164917999971403,0.8575438596491228,0.6919315403422983,0.0,0.5289719626168224,1.0,"early,middle,late",0.0,0.0,1132,3,0,0.0073843324618865,0.1604399971546524,0.2011215037046746,-0.110278438806481,-0.6998082665157634,-0.6041504726328326,0.0009233990502496,
mendeley,primary,cross_machine_dual,D2-M,A4,72,ablation,mix,0.6375863322428208,0.5201869424449268,0.8662952646239555,0.6942655627108248,0.0,0.5317050258337247,1.0,"early,middle,late",0.0,0.0,1132,2,0,0.0073063343782285,0.1604399971546524,0.2011215037046746,-0.110278438806481,-0.6998082665157634,-0.6041504726328326,0.0009233990502496,
mendeley,primary,cross_machine_dual,D2-M,A5,72,ablation,ordered,0.6375863322428208,0.5201869424449268,0.8662952646239555,0.6942655627108248,0.0,0.5317050258337247,1.0,"early,middle,late",0.0,0.0,1132,0,0,0.0039022293219406,0.1604399971546524,0.2011215037046746,-0.110278438806481,-0.6998082665157634,-0.6041504726328326,0.0009233990502496,
mendeley,primary,cross_machine_dual,D2-M,A6,72,ablation,final,0.6372228280625227,0.5198526516227763,0.8655052264808363,0.6940527283874923,0.0,0.5314553990610329,1.0,"early,middle,late",0.0,0.0,1132,0,0,0.0052981659526075,0.1604399971546524,0.2011215037046746,-0.110278438806481,-0.6998082665157634,-0.6041504726328326,0.0009233990502496,
mendeley,primary,cross_machine_dual,D2-M,A1,82,ablation,raw,0.4976372228280625,0.4576617874216502,0.818577648766328,0.0,0.5544077134986226,0.0,0.0,"early,middle,late",0.0,1.0,1132,6,0,0.0087956143204214,0.1204284062381727,0.1624325257057093,0.2757960555761976,0.559044920738501,0.6262705069310089,0.0012673421761528,
mendeley,primary,cross_machine_dual,D2-M,A2,82,ablation,raw_fine,0.4114867320974191,0.1943514464760923,0.0,0.5830543394282771,0.0,0.4114867320974191,1.0,"early,middle,late",0.0,0.0,1132,0,0,0.0054099804422944,0.1204284062381727,0.1624325257057093,0.2757960555761976,0.559044920738501,0.6262705069310089,0.0012673421761528,
mendeley,primary,cross_machine_dual,D2-M,A3,82,ablation,raw_prior,0.4114867320974191,0.1943514464760923,0.0,0.5830543394282771,0.0,0.4114867320974191,1.0,"early,middle,late",0.0,0.0,1132,0,0,0.0057354997156331,0.1204284062381727,0.1624325257057093,0.2757960555761976,0.559044920738501,0.6262705069310089,0.0012673421761528,
mendeley,primary,cross_machine_dual,D2-M,A4,82,ablation,mix,0.4114867320974191,0.1943514464760923,0.0,0.5830543394282771,0.0,0.4114867320974191,1.0,"early,middle,late",0.0,0.0,1132,0,0,0.0056686078049985,0.1204284062381727,0.1624325257057093,0.2757960555761976,0.559044920738501,0.6262705069310089,0.0012673421761528,
mendeley,primary,cross_machine_dual,D2-M,A5,82,ablation,ordered,0.4183933115230825,0.2105131907835598,0.0456182472989195,0.5859213250517599,0.0,0.4143484626647145,1.0,"early,middle,late",0.0,0.0,1132,0,0,0.0024290556780016,0.1204284062381727,0.1624325257057093,0.2757960555761976,0.559044920738501,0.6262705069310089,0.0012673421761528,
mendeley,primary,cross_machine_dual,D2-M,A6,82,ablation,final,0.4176663031624864,0.2088442569354565,0.0409145607701564,0.5856182100362132,0.0,0.4140453547915143,1.0,"early,middle,late",0.0,0.0,1132,0,0,0.0039158327932724,0.1204284062381727,0.1624325257057093,0.2757960555761976,0.559044920738501,0.6262705069310089,0.0012673421761528,
mendeley,primary,cross_machine_dual,D3-M,A1,42,ablation,raw,0.5419637959407569,0.4225438668528099,0.663973063973064,0.6036585365853658,0.0,0.5683122847301951,0.6436931079323797,"early,middle,late",0.3563068920676203,0.0,769,24,0,0.0508008172715103,0.1432321272557858,0.1952845986587181,0.0131401034089022,0.4608148745584148,0.3629372565152396,0.006220956818088,
mendeley,primary,cross_machine_dual,D3-M,A2,42,ablation,raw_fine,0.5501919912232583,0.4376697666746138,0.6958290946083419,0.6171802054154996,0.0,0.481427530954115,0.8595578673602081,"early,middle,late",0.1404421326397919,0.0,769,26,0,0.0298426345446355,0.1432321272557858,0.1952845986587181,0.0131401034089022,0.4608148745584148,0.3629372565152396,0.006220956818088,
mendeley,primary,cross_machine_dual,D3-M,A3,42,ablation,raw_prior,0.5425123422929238,0.4163432890521587,0.6072772898368883,0.6417525773195877,0.0,0.4791533033996151,0.9713914174252276,"early,middle,late",0.0286085825747724,0.0,769,23,0,0.034249102461663,0.1432321272557858,0.1952845986587181,0.0131401034089022,0.4608148745584148,0.3629372565152396,0.006220956818088,
mendeley,primary,cross_machine_dual,D3-M,A4,42,ablation,mix,0.5469007131102578,0.422932457094936,0.6266829865361077,0.6421143847487002,0.0,0.4814814814814814,0.9635890767230167,"early,middle,late",0.036410923276983,0.0,769,24,0,0.0337711724863192,0.1432321272557858,0.1952845986587181,0.0131401034089022,0.4608148745584148,0.3629372565152396,0.006220956818088,
mendeley,primary,cross_machine_dual,D3-M,A5,42,ablation,ordered,0.462424574876577,0.2848747665899429,0.243822075782537,0.6108022239872914,0.0,0.4396798170383076,1.0,"early,middle,late",0.0,0.0,769,2,0,0.0109908696048044,0.1432321272557858,0.1952845986587181,0.0131401034089022,0.4608148745584148,0.3629372565152396,0.006220956818088,
mendeley,primary,cross_machine_dual,D3-M,A6,42,ablation,final,0.4679100383982446,0.295174296922996,0.2722852512155591,0.613237639553429,0.0,0.4422081656124209,1.0,"early,middle,late",0.0,0.0,769,1,0,0.0272842207453678,0.1432321272557858,0.1952845986587181,0.0131401034089022,0.4608148745584148,0.3629372565152396,0.006220956818088,
mendeley,primary,cross_machine_dual,D3-M,A1,52,ablation,raw,0.4629731212287438,0.4303440368891902,0.7424242424242424,0.0234741784037558,0.5251336898395722,0.1204819277108433,0.0130039011703511,"early,middle,late",0.0520156046814044,0.9349804941482444,769,21,11,0.0523659849079134,0.2240525180015934,0.2747451769545879,-0.953348207326976,0.5372823880018417,0.5122559705123225,0.0109360984229779,
mendeley,primary,cross_machine_dual,D3-M,A2,52,ablation,raw_fine,0.4509051014810751,0.4339920077132075,0.7210103329506314,0.0625674217907227,0.5183982683982684,0.1835443037974683,0.0377113133940182,"early,middle,late",0.0312093628088426,0.9310793237971392,769,29,0,0.0450791909609844,0.2240525180015934,0.2747451769545879,-0.953348207326976,0.5372823880018417,0.5122559705123225,0.0109360984229779,
mendeley,primary,cross_machine_dual,D3-M,A3,52,ablation,raw_prior,0.4547449259462424,0.4420691408727745,0.726643598615917,0.0829787234042553,0.5165851005981512,0.2280701754385964,0.0507152145643693,"early,middle,late",0.0247074122236671,0.9245773732119636,769,29,0,0.0501550546242164,0.2240525180015934,0.2747451769545879,-0.953348207326976,0.5372823880018417,0.5122559705123225,0.0109360984229779,
mendeley,primary,cross_machine_dual,D3-M,A4,52,ablation,mix,0.4530992868897421,0.4398161277045238,0.7243367935409458,0.0788072417465388,0.5163043478260869,0.2176470588235294,0.048114434330299,"early,middle,late",0.0260078023407022,0.9258777633289988,769,29,0,0.0490763552648916,0.2240525180015934,0.2747451769545879,-0.953348207326976,0.5372823880018417,0.5122559705123225,0.0109360984229779,
mendeley,primary,cross_machine_dual,D3-M,A5,52,ablation,ordered,0.4322545255074054,0.4213057955148036,0.6601705237515225,0.0843373493975903,0.519409513395298,0.185022026431718,0.0546163849154746,"early,middle,late",0.0221066319895968,0.9232769830949284,769,18,0,0.0458008236913268,0.2240525180015934,0.2747451769545879,-0.953348207326976,0.5372823880018417,0.5122559705123225,0.0109360984229779,
mendeley,primary,cross_machine_dual,D3-M,A6,52,ablation,final,0.4333516182117389,0.422216550525792,0.6666666666666666,0.083080040526849,0.5169029443838604,0.1880733944954128,0.0533159947984395,"early,middle,late",0.0221066319895968,0.9245773732119636,769,20,0,0.0450634346281843,0.2240525180015934,0.2747451769545879,-0.953348207326976,0.5372823880018417,0.5122559705123225,0.0109360984229779,
mendeley,primary,cross_machine_dual,D3-M,A1,62,ablation,raw,0.4925946242457488,0.4207819656189221,0.7229437229437229,0.0,0.5394021739130435,0.0,0.0,"early,middle,late",0.2964889466840052,0.7035110533159948,769,37,73,0.0759203420342361,0.1514318244622414,0.203855756591609,-0.0753887115387617,0.6484736708028228,0.5506226558689072,0.0163099597116093,
mendeley,primary,cross_machine_dual,D3-M,A2,62,ablation,raw_fine,0.4931431705979155,0.4215130225425819,0.7245119305856833,0.0,0.5400271370420624,0.0,0.0,"early,middle,late",0.293888166449935,0.706111833550065,769,38,72,0.075598805582993,0.1514318244622414,0.203855756591609,-0.0753887115387617,0.6484736708028228,0.5506226558689072,0.0163099597116093,
mendeley,primary,cross_machine_dual,D3-M,A3,62,ablation,raw_prior,0.4936917169500823,0.4223531976487271,0.7271407837445574,0.0,0.5399188092016238,0.0,0.0,"early,middle,late",0.2886866059817945,0.7113133940182055,769,34,66,0.079468893241914,0.1514318244622414,0.203855756591609,-0.0753887115387617,0.6484736708028228,0.5506226558689072,0.0163099597116093,
mendeley,primary,cross_machine_dual,D3-M,A4,62,ablation,mix,0.4936917169500823,0.4222315120933514,0.7271407837445574,0.0,0.539553752535497,0.0,0.0,"early,middle,late",0.2886866059817945,0.7113133940182055,769,35,66,0.0781943957062013,0.1514318244622414,0.203855756591609,-0.0753887115387617,0.6484736708028228,0.5506226558689072,0.0163099597116093,
mendeley,primary,cross_machine_dual,D3-M,A5,62,ablation,ordered,0.5074053757542513,0.4507122784131899,0.7505686125852918,0.0548926014319809,0.5466756212222968,0.3333333333333333,0.0299089726918075,"early,middle,late",0.2522756827048114,0.717815344603381,769,35,16,0.0625940572804587,0.1514318244622414,0.203855756591609,-0.0753887115387617,0.6484736708028228,0.5506226558689072,0.0163099597116093,
mendeley,primary,cross_machine_dual,D3-M,A6,62,ablation,final,0.505759736697751,0.4446621199320819,0.7488721804511278,0.0389294403892944,0.5461847389558233,0.3018867924528302,0.0208062418725617,"early,middle,late",0.2561768530559167,0.7230169050715215,769,37,21,0.0670442004165537,0.1514318244622414,0.203855756591609,-0.0753887115387617,0.6484736708028228,0.5506226558689072,0.0163099597116093,
mendeley,primary,cross_machine_dual,D3-M,A1,72,ablation,raw,0.3077345035655512,0.1968581363318205,0.4988146040777619,0.0154440154440154,0.0763157894736842,0.75,0.0078023407022106,"early,middle,late",0.7256176853055917,0.2665799739921977,769,28,53,0.0642893986413712,0.2323656513352183,0.2948860668118232,-1.2502357466155414,0.4876523071926882,0.0746807667051854,0.0196972160385205,
mendeley,primary,cross_machine_dual,D3-M,A2,72,ablation,raw_fine,0.3093801426220515,0.201325026803742,0.5004775549188156,0.0255754475703324,0.0779220779220779,0.7692307692307693,0.0130039011703511,"early,middle,late",0.7100130039011704,0.2769830949284785,769,31,55,0.0597148543301162,0.2323656513352183,0.2948860668118232,-1.2502357466155414,0.4876523071926882,0.0746807667051854,0.0196972160385205,
mendeley,primary,cross_machine_dual,D3-M,A3,72,ablation,raw_prior,0.3274821722435546,0.2307985062516791,0.5067961165048543,0.1209964412811387,0.0646029609690444,0.6891891891891891,0.0663198959687906,"early,middle,late",0.6814044213263979,0.2522756827048114,769,46,12,0.0820634060172832,0.2323656513352183,0.2948860668118232,-1.2502357466155414,0.4876523071926882,0.0746807667051854,0.0196972160385205,
mendeley,primary,cross_machine_dual,D3-M,A4,72,ablation,mix,0.3230938014262205,0.2243769188027772,0.505324298160697,0.1009615384615384,0.0668449197860962,0.6666666666666666,0.0546163849154746,"early,middle,late",0.6879063719115734,0.2574772431729519,769,43,16,0.0765331886604526,0.2323656513352183,0.2948860668118232,-1.2502357466155414,0.4876523071926882,0.0746807667051854,0.0196972160385205,
mendeley,primary,cross_machine_dual,D3-M,A5,72,ablation,ordered,0.3395501919912232,0.2489352825593753,0.5185919682697074,0.161547212741752,0.0666666666666666,0.6454545454545455,0.0923276983094928,"early,middle,late",0.64629388816645,0.2613784135240572,769,32,2,0.0647970261972212,0.2323656513352183,0.2948860668118232,-1.2502357466155414,0.4876523071926882,0.0746807667051854,0.0196972160385205,
mendeley,primary,cross_machine_dual,D3-M,A6,72,ablation,final,0.3351618211738892,0.2422521038766078,0.5177514792899408,0.1355140186915887,0.0734908136482939,0.6666666666666666,0.0754226267880364,"early,middle,late",0.6527958387516255,0.2717815344603381,769,35,11,0.0665071088621306,0.2323656513352183,0.2948860668118232,-1.2502357466155414,0.4876523071926882,0.0746807667051854,0.0196972160385205,
mendeley,primary,cross_machine_dual,D3-M,A1,82,ablation,raw,0.5469007131102578,0.4924595335044447,0.8650137741046832,0.025,0.5873648264086511,0.3225806451612903,0.0130039011703511,"early,middle,late",0.1040312093628088,0.88296488946684,769,23,37,0.0597595471276001,0.1964005389954395,0.2451117521472604,-0.5547042388423558,0.6412308241197471,0.6848090712840191,0.0156158686011702,
mendeley,primary,cross_machine_dual,D3-M,A2,82,ablation,raw_fine,0.5595172792100932,0.5257552379810189,0.8812260536398467,0.1076023391812865,0.5884373211219233,0.5348837209302325,0.059817945383615,"early,middle,late",0.0663198959687906,0.8738621586475943,769,35,10,0.0546515824050775,0.1964005389954395,0.2451117521472604,-0.5547042388423558,0.6412308241197471,0.6848090712840191,0.0156158686011702,
mendeley,primary,cross_machine_dual,D3-M,A3,82,ablation,raw_prior,0.5704882062534284,0.5450554791306564,0.8888888888888888,0.1543700340522134,0.5919075144508671,0.6071428571428571,0.0884265279583875,"early,middle,late",0.0546163849154746,0.8569570871261378,769,34,0,0.0646782691864486,0.1964005389954395,0.2451117521472604,-0.5547042388423558,0.6412308241197471,0.6848090712840191,0.0156158686011702,
mendeley,primary,cross_machine_dual,D3-M,A4,82,ablation,mix,0.5688425671969282,0.5409576507822589,0.8893166506256015,0.1422018348623853,0.5913544668587897,0.6019417475728155,0.0806241872561768,"early,middle,late",0.0572171651495448,0.8621586475942783,769,33,2,0.0614608744545595,0.1964005389954395,0.2451117521472604,-0.5547042388423558,0.6412308241197471,0.6848090712840191,0.0156158686011702,
mendeley,primary,cross_machine_dual,D3-M,A5,82,ablation,ordered,0.5671969281404279,0.5428772596261408,0.8822947576656776,0.1519274376417233,0.5944095835710211,0.5929203539823009,0.0871261378413524,"early,middle,late",0.0416124837451235,0.871261378413524,769,19,1,0.046120073266353,0.1964005389954395,0.2451117521472604,-0.5547042388423558,0.6412308241197471,0.6848090712840191,0.0156158686011702,
mendeley,primary,cross_machine_dual,D3-M,A6,82,ablation,final,0.5666483817882612,0.5409846937512809,0.8827586206896552,0.1457858769931662,0.5944095835710211,0.5871559633027523,0.083224967490247,"early,middle,late",0.0442132639791937,0.8725617685305592,769,20,1,0.0512814984969887,0.1964005389954395,0.2451117521472604,-0.5547042388423558,0.6412308241197471,0.6848090712840191,0.0156158686011702,
