dataset,channel_set,group,task,Method,Acc_mean,Acc_std_seed,Acc_n_seeds,Macro_F1_mean,Macro_F1_std_seed,Macro_F1_n_seeds,E_F1_mean,E_F1_std_seed,E_F1_n_seeds,M_F1_mean,M_F1_std_seed,M_F1_n_seeds,L_F1_mean,L_F1_std_seed,L_F1_n_seeds,M_Pre_mean,M_Pre_std_seed,M_Pre_n_seeds,M_Rec_mean,M_Rec_std_seed,M_Rec_n_seeds,M_to_E_mean,M_to_E_std_seed,M_to_E_n_seeds,M_to_L_mean,M_to_L_std_seed,M_to_L_n_seeds,Rev_mean,Rev_std_seed,Rev_n_seeds,Jump_mean,Jump_std_seed,Jump_n_seeds,Smooth_mean,Smooth_std_seed,Smooth_n_seeds,q_MAE_mean,q_MAE_std_seed,q_MAE_n_seeds,q_RMSE_mean,q_RMSE_std_seed,q_RMSE_n_seeds,q_R2_mean,q_R2_std_seed,q_R2_n_seeds,Spearman_mean,Spearman_std_seed,Spearman_n_seeds,Pearson_mean,Pearson_std_seed,Pearson_n_seeds,q_Smooth_mean,q_Smooth_std_seed,q_Smooth_n_seeds,deterministic
mendeley,primary,cross_machine_dual,D1-M,B10,0.39415472779369626,0.05919579378738163,5,0.3354306828318488,0.08995476644587863,5,0.5965005699946577,0.051569387290822125,5,0.17588400887952732,0.10995063537565894,5,0.2339074696213613,0.21066944456332667,5,0.234713770502259,0.1503202026511605,5,0.14246575342465753,0.08912626506016585,5,0.7555555555555555,0.13969336042032512,5,0.10197869101978689,0.0894467078360988,5,17.8,11.562871615649808,5,8.0,8.689073598491383,5,0.03968563899564304,0.020957978140827,5,,0.0,0,,0.0,0,,0.0,0,,0.0,0,,0.0,0,,0.0,0,False
mendeley,primary,cross_machine_dual,D1-M,B11,0.40607449856733524,0.08463603311432556,5,0.3413682489941162,0.11470007573005776,5,0.6116930186893482,0.10570314243735883,5,0.2515455928883603,0.1527695778081427,5,0.16086613540463995,0.19131704803633193,5,0.3018939779861785,0.14161797656181876,5,0.23165905631659056,0.18957686023420262,5,0.6621004566210045,0.23089857314649373,5,0.10624048706240488,0.1304255037387683,5,20.6,13.594116374373144,5,11.2,9.549869109050658,5,0.04394484953908492,0.025358036613156033,5,0.16828353368988452,0.004792747252417255,5,0.22324649843847694,0.0037169286424365328,5,0.00881940277177214,0.03290136419400501,5,0.731931831519832,0.1563349254809397,5,0.4760578895902786,0.1864353834064355,5,0.00528042463566482,0.003815606451473134,5,False
mendeley,primary,cross_machine_dual,D1-M,B12,0.43954154727793693,0.08988278816462159,5,0.381593000669353,0.1180418557424851,5,0.6533584818012855,0.1176564572050477,5,0.3425851077402168,0.1438166584287052,5,0.14883541246655663,0.17874679623176074,5,0.3589750871000128,0.12464269665006401,5,0.3476407914764079,0.20640077569339393,5,0.5646879756468797,0.25015025057591767,5,0.08767123287671233,0.10505922207182895,5,13.6,10.4546640309481,5,1.6,1.140175425099138,5,0.03126983652357438,0.020577918861516477,5,0.16828353368988452,0.004792747252417255,5,0.22324649843847694,0.0037169286424365328,5,0.00881940277177214,0.03290136419400501,5,0.731931831519832,0.1563349254809397,5,0.4760578895902786,0.1864353834064355,5,0.00528042463566482,0.003815606451473134,5,False
mendeley,primary,cross_machine_dual,D1-M,B9,0.38945558739255015,0.05853216692333237,5,0.33226123243432576,0.07226920709556481,5,0.5974712183417126,0.035652635874956665,5,0.13348696486532305,0.050134447564615145,5,0.2658255140959416,0.18913100316443995,5,0.18936401098777692,0.08519167317833941,5,0.10532724505327244,0.03890072706418237,5,0.7853881278538812,0.07405148283208605,5,0.10928462709284625,0.05201160678292754,5,21.6,6.54217089351845,5,14.0,4.0,5,0.048457424730114704,0.008576918507950223,5,,0.0,0,,0.0,0,,0.0,0,,0.0,0,,0.0,0,,0.0,0,False
mendeley,primary,cross_machine_dual,D2-M,B10,0.6240639767357324,0.09747417293506223,5,0.5941667562094102,0.1354043970113746,5,0.8047939445334444,0.08857354380079269,5,0.4440993005618134,0.2634768817664416,5,0.5336070235329726,0.30998518704213646,5,0.568270748729704,0.3501693581324582,5,0.4035335689045937,0.2797393682930284,5,0.21537102473498235,0.264841225127601,5,0.381095406360424,0.411452008816873,5,25.8,17.711578134090704,5,0.6,1.3416407864998738,5,0.01720138283478962,0.0077678986149113845,5,,0.0,0,,0.0,0,,0.0,0,,0.0,0,,0.0,0,,0.0,0,False
mendeley,primary,cross_machine_dual,D2-M,B11,0.6791712104689205,0.12246385161661177,5,0.6623558775295,0.13079128559121314,5,0.833213592366796,0.09470412559807108,5,0.5192282762638224,0.3275485187340991,5,0.6346257639578815,0.11853721612318033,5,0.5984961996773714,0.3532712864423598,5,0.5395759717314488,0.43496792566269155,5,0.1489399293286219,0.2567995523045241,5,0.31148409893992934,0.43936869140020857,5,26.4,16.102794788483145,5,0.8,1.7888543819998317,5,0.01648786360332858,0.007632302966068828,5,0.12115578439303407,0.033720595973523705,5,0.1659881816518837,0.03319700015312206,5,0.21954402966334516,0.3052417892996777,5,0.40814004658070413,0.6427514651633203,5,0.4055498713399973,0.5783311951299464,5,0.00281943120875728,0.002467538407064272,5,False
mendeley,primary,cross_machine_dual,D2-M,B12,0.5650308978553253,0.13016231484307625,5,0.42250334121963473,0.18570013860993806,5,0.5647842060714876,0.4413464825316372,5,0.6597102965231149,0.06634310520280744,5,0.04301552106430154,0.09618562918735234,5,0.49510888726523444,0.07309983133120257,5,1.0,0.0,5,0.0,0.0,5,0.0,0.0,5,1.8,3.492849839314596,5,0.0,0.0,5,0.00939339309151678,0.00617205772436084,5,0.12115578439303407,0.033720595973523705,5,0.1659881816518837,0.03319700015312206,5,0.21954402966334516,0.3052417892996777,5,0.40814004658070413,0.6427514651633203,5,0.4055498713399973,0.5783311951299464,5,0.00281943120875728,0.002467538407064272,5,False
mendeley,primary,cross_machine_dual,D2-M,B9,0.7057797164667393,0.14870378005569412,5,0.6855841799987499,0.19503095669587125,5,0.8186339299178174,0.17273452252941401,5,0.6707902918166804,0.13682820566088583,5,0.5673283182617518,0.3468360174234136,5,0.7119718264422351,0.2018375059595037,5,0.7010600706713781,0.22906668740489639,5,0.04310954063604236,0.0785682907657462,5,0.25583038869257946,0.18885760573852892,5,46.4,14.467204291085407,5,2.6,3.7148351242013424,5,0.02363790106370612,0.009514321002926141,5,,0.0,0,,0.0,0,,0.0,0,,0.0,0,,0.0,0,,0.0,0,False
mendeley,primary,cross_machine_dual,D3-M,B10,0.5056500274273177,0.06854130022689363,5,0.44308857243506783,0.06708823746437026,5,0.7313480165204173,0.08487444087289212,5,0.12039136574005102,0.25494587211223163,5,0.4775263350447352,0.14894882151702538,5,0.49634724132660857,0.47691416394459507,5,0.11469440832249674,0.2492315634763507,5,0.23355006501950584,0.12981645454415314,5,0.6517555266579974,0.33537890554275906,5,26.6,14.892951352905172,5,32.4,22.277791632026727,5,0.050668019741519264,0.016571211632931942,5,,0.0,0,,0.0,0,,0.0,0,,0.0,0,,0.0,0,,0.0,0,False
mendeley,primary,cross_machine_dual,D3-M,B11,0.47043335161821176,0.0974442841296177,5,0.3925975078394375,0.11336034829460943,5,0.6986338815046949,0.13352897500657038,5,0.1335153460866274,0.26300496442747634,5,0.3456432959269902,0.2829289647399737,5,0.3522749715204657,0.30966301955275705,5,0.1355006501950585,0.28413806749314585,5,0.3068920676202861,0.2664562496356165,5,0.5576072821846554,0.4077924715506516,5,26.6,6.3482280992415525,5,34.8,29.886451780029024,5,0.06062721799652622,0.010159357583012134,5,0.18949653201005567,0.04083154411721454,5,0.24277667023279972,0.04333924786628431,5,-0.5641073601829465,0.5464498078965635,5,0.5550908129351029,0.08644869039293165,5,0.43706114417713476,0.23277854439890044,5,0.01375601991847318,0.00524424899518277,5,False
mendeley,primary,cross_machine_dual,D3-M,B12,0.46176631925397693,0.08632714995032272,5,0.3890579530017517,0.12004077301131953,5,0.61766683966259,0.23407317111458859,5,0.20330940323086547,0.23314276796106365,5,0.3461976161117998,0.285029002342412,5,0.4371981965060166,0.19719314989030912,5,0.24655396618985695,0.4218845137083789,5,0.19505851755526654,0.2756689031557591,5,0.5583875162548765,0.4043027686348065,5,22.6,14.501724035437993,5,6.6,9.289779329994873,5,0.05143609262984502,0.016543096323176455,5,0.18949653201005567,0.04083154411721454,5,0.24277667023279972,0.04333924786628431,5,-0.5641073601829465,0.5464498078965635,5,0.5550908129351029,0.08644869039293165,5,0.43706114417713476,0.23277854439890044,5,0.01375601991847318,0.00524424899518277,5,False
mendeley,primary,cross_machine_dual,D3-M,B9,0.40713110257816787,0.04033289404184154,5,0.338820376280555,0.04442187549174349,5,0.6236108538297417,0.057541122729831064,5,0.03152496626180834,0.0649105692199905,5,0.3613253087501152,0.09323896278187695,5,0.21923890063424945,0.32731649630018506,5,0.01742522756827046,0.03612651322108543,5,0.37191157347204157,0.0969161482856832,5,0.6106631989596879,0.10898324338834116,5,50.4,17.09678332318685,5,92.0,20.54263858417414,5,0.06585751655622687,0.02040870668650261,5,,0.0,0,,0.0,0,,0.0,0,,0.0,0,,0.0,0,,0.0,0,False
